MANDT,VBELN,LFSTK,FKSTK,AEDAT,VBTYP
SC1,fa1a1720-4d44-45ce-ad25-19d3c45ec7ae,DELIVERYCONFIRMED,INVOICECLEARED,2019-06-08 09:14:02,C
SC1,3a03cd14-6ff7-4f62-999b-3eba66388ca8,DELIVERYRELEASED,,2009-09-30 14:02:36,h
SC1,2aaecbf8-9c1c-4cd1-9ca5-fc1336e7337d,DELIVERYCONFIRMED,INVOICECLEARED,2011-02-13 13:02:20,C
SC1,935cef34-ca58-43ff-92bf-0fa4ea207f76,DELIVERYCONFIRMED,INVOICECLEARED,2019-11-19 17:13:44,C
SC1,0b42a25a-65d1-4b93-8dc3-d2ffead56f70,DELIVERYRELEASED,,2014-06-04 13:20:02,h
SC1,72a0b5e6-2bd6-4ecc-9ed1-7347f19852ba,DELIVERYCONFIRMED,INVOICECLEARED,2016-05-02 10:25:26,C
SC1,55653be4-177b-4fcc-a27a-97d781b263ba,DELIVERYCONFIRMED,INVOICECLEARED,2018-10-25 09:03:23,C
SC1,502e6c67-ce83-4e0e-b24f-730f72e06d26,DELIVERYCONFIRMED,INVOICECLEARED,2014-12-27 04:50:00,C
SC1,63246b6a-13b4-4f1d-92af-986245e1964d,DELIVERYCONFIRMED,,2018-03-10 21:15:54,C
SC1,9c4cf9e3-3896-4521-927a-c8a6245124b8,DELIVERYRELEASED,,2010-07-22 21:53:49,h
SC1,df5ff5d3-4ce8-4899-a454-ca54e1263298,DELIVERYRELEASED,,2016-07-19 02:06:25,H
SC1,10ad2da6-fd69-40c8-8519-7150209f3965,DELIVERYCONFIRMED,INVOICECLEARED,2019-08-08 20:09:31,C
SC1,e2b74bb8-b473-49e9-a5e1-165f26db7547,DELIVERYCONFIRMED,INVOICECLEARED,2011-11-16 20:24:27,C
SC1,a614f9d3-755a-496f-80b2-4f3bc69a4349,DELIVERYCONFIRMED,,2012-02-14 13:02:13,C
SC1,35fb6584-b21a-42b9-83cf-3260ff6e681b,DELIVERYCONFIRMED,,2009-10-23 08:58:57,H
SC1,8dba5697-8676-493e-8ae9-dfd826549b19,DELIVERYCONFIRMED,INVOICECLEARED,2014-05-11 12:55:39,C
SC1,18dca58a-3dfb-4e21-a4ae-87d2ec4dd965,DELIVERYCONFIRMED,INVOICECLEARED,2012-03-02 20:12:03,C
SC1,ebfba327-f8e6-4a58-8b14-9835af1c9a7f,DELIVERYCONFIRMED,INVOICECLEARED,2011-11-15 23:29:12,C
SC1,5e6e70f8-1d11-4b38-b451-9fc4741f5359,DELIVERYCONFIRMED,INVOICECLEARED,2020-07-24 01:53:09,C
SC1,dbdaf4aa-a8e6-4ca8-bed4-dc6c0cd1ecec,DELIVERYRELEASED,,2012-09-04 22:57:48,h
SC1,63d25968-3696-4ab1-9a3b-b795aa94ffae,DELIVERYCONFIRMED,INVOICECLEARED,2011-12-07 09:41:23,C
SC1,3034703d-dc0f-4a09-9687-663d425e7a48,DELIVERYCONFIRMED,,2016-03-28 03:31:44,H
SC1,3594c54b-a886-40e7-9e15-2ebfff40fce4,DELIVERYCONFIRMED,INVOICECLEARED,2019-06-26 14:15:01,C
SC1,d9de0d9c-2ad4-4c25-89b4-137291d5b71c,DELIVERYRELEASED,,2014-12-22 13:09:47,H
SC1,72887a42-14ab-476c-89b9-711065a96804,DELIVERYCONFIRMED,INVOICECLEARED,2013-01-23 06:49:17,C
SC1,cfd75882-1ce1-46a3-b0e0-19685442cc8c,DELIVERYCONFIRMED,INVOICECLEARED,2014-02-20 00:44:35,C
SC1,6faee589-64d7-4fa0-9bb4-83aac847e641,DELIVERYRELEASED,,2018-06-29 12:28:13,h
SC1,3ee4bddd-0a4c-49b1-9703-a49452e7c759,DELIVERYCONFIRMED,INVOICECLEARED,2012-11-06 00:33:09,C
SC1,d91e628f-b518-445c-9c61-13f10b5fa2d3,DELIVERYCONFIRMED,INVOICECLEARED,2018-09-05 09:26:07,C
SC1,ee7a3423-b627-4a6a-acca-6eb39cc6a4a6,DELIVERYCONFIRMED,INVOICECLEARED,2020-02-23 20:46:43,C
SC1,366820bf-7a94-401e-821d-14e2993f7be4,DELIVERYCONFIRMED,INVOICECLEARED,2020-03-22 16:34:08,C
SC1,ad8f171f-9c16-4284-a7c6-50600f286368,DELIVERYCONFIRMED,INVOICECLEARED,2014-05-24 16:35:20,C
SC1,ea0531c9-0f1b-497f-8bdb-6d46a10fc6c2,DELIVERYRELEASED,,2010-11-21 18:00:48,h
SC1,c90d18da-69aa-4f6b-867b-02daec5b8e95,DELIVERYCONFIRMED,INVOICECLEARED,2019-02-09 17:58:13,C
SC1,270db7ee-54f5-4aad-a38e-46e40f48aaf9,DELIVERYCONFIRMED,INVOICECLEARED,2015-11-10 10:45:07,C
SC1,448d1ebb-bd0b-41ab-9629-d10d95781655,DELIVERYCONFIRMED,INVOICECLEARED,2014-01-14 16:48:14,C
SC1,76f9af26-e882-451d-a1b8-cfb3915f3360,DELIVERYCONFIRMED,,2014-09-02 06:06:14,C
SC1,382c2461-206d-41c4-ae0a-9fe2a4af182a,DELIVERYCONFIRMED,,2018-04-18 20:28:44,C
SC1,469b1589-b8ee-407d-8ed6-f0bb2a31ad1f,DELIVERYCONFIRMED,,2012-01-19 17:01:57,H
SC1,a1bf4573-352e-4a18-b0da-778421457437,DELIVERYCONFIRMED,INVOICECLEARED,2020-03-03 00:03:02,C
SC1,3997dfff-d142-4d71-9a3b-2aed8e6d72f8,DELIVERYCONFIRMED,INVOICECLEARED,2012-04-04 13:43:22,C
SC1,a23e91d4-5784-44be-881f-66ac63f6345b,DELIVERYCONFIRMED,INVOICECLEARED,2013-10-22 10:37:21,C
SC1,a0d964d9-108f-4dc3-a740-86cb417665c0,DELIVERYCONFIRMED,INVOICECLEARED,2017-04-20 09:52:05,C
SC1,7bcdf9d1-f2eb-4c62-8588-d777878d081c,DELIVERYCONFIRMED,INVOICECLEARED,2018-11-27 23:18:04,C
SC1,16778b8b-4297-4019-b827-b1051b68bf39,DELIVERYCONFIRMED,INVOICECLEARED,2013-08-21 08:58:46,C
SC1,d1c43089-6889-4c95-98df-749c43593be7,DELIVERYCONFIRMED,INVOICECLEARED,2017-10-11 22:33:59,C
SC1,e8aac603-6f84-4821-b55f-e111c38a22fe,DELIVERYCONFIRMED,INVOICECLEARED,2012-04-14 18:05:02,C
SC1,e6ca0974-292c-4c46-aa9e-fd85032fced2,DELIVERYRELEASED,,2019-05-14 10:18:03,H
SC1,a6ad416e-f1f0-4b1d-b82e-ddaec829baa0,DELIVERYCONFIRMED,INVOICECLEARED,2019-03-12 21:36:30,C
SC1,c7874e64-529d-4725-a53a-8033cac65ca3,DELIVERYCONFIRMED,INVOICECLEARED,2014-05-14 19:32:41,C
SC1,3ba3b05c-8a6e-4b0e-a343-29eff7b3d8a4,DELIVERYCONFIRMED,INVOICECLEARED,2013-01-23 07:37:29,C
SC1,aa746aad-a639-40fe-b23b-562bec049c72,DELIVERYCONFIRMED,INVOICECLEARED,2014-08-07 16:04:05,C
SC1,65304863-a681-45d6-822e-dd1ceb9b9c28,DELIVERYCONFIRMED,INVOICECLEARED,2016-12-01 05:15:22,C
SC1,4fb4772f-989b-4fe2-8683-5f2eb2d6315c,DELIVERYCONFIRMED,INVOICECLEARED,2013-08-01 17:34:37,C
SC1,a9dae834-f6ed-49dc-852c-22842d8d095f,DELIVERYCONFIRMED,,2014-05-14 17:15:37,H
SC1,7541fb06-e519-42f5-b6c0-3da7e9300a97,DELIVERYCONFIRMED,INVOICECLEARED,2014-02-13 03:03:22,C
SC1,06454b57-d021-4416-af73-2d2ec7732acf,DELIVERYCONFIRMED,INVOICECLEARED,2015-09-12 13:20:41,C
SC1,17af3678-76c5-4837-8e94-3222dcf5a6df,DELIVERYCONFIRMED,INVOICECLEARED,2015-09-05 01:18:15,C
SC1,12ae98c7-3cbb-402d-a019-ed8cbc5971f4,DELIVERYCONFIRMED,,2019-03-04 04:40:00,H
SC1,02bea05d-699a-4906-a1a5-384ba29b73dd,DELIVERYCONFIRMED,INVOICECLEARED,2014-05-02 06:25:48,C
SC1,380370a0-880c-43bc-bebf-115a701ceae3,DELIVERYCONFIRMED,INVOICECLEARED,2011-01-13 12:33:25,C
SC1,30952561-c376-4295-b9c3-8dd9c94503c4,DELIVERYRELEASED,,2013-04-28 04:00:26,H
SC1,5710af51-b4f4-4f52-bf05-18717f147343,DELIVERYCONFIRMED,INVOICECLEARED,2016-10-21 15:45:11,C
SC1,cf2d8661-3b88-4091-bfd6-ecef7a579702,DELIVERYCONFIRMED,INVOICECLEARED,2012-01-11 10:26:12,C
SC1,b9a5727a-ad1c-4bd3-bce5-33c4106ce84e,DELIVERYCONFIRMED,INVOICECLEARED,2018-07-18 22:44:29,C
SC1,dfc75490-9643-4f15-a5c2-f719780ccb3a,DELIVERYCONFIRMED,INVOICECLEARED,2011-06-13 18:18:23,C
SC1,e226a662-2664-4496-a55b-add28fc141eb,DELIVERYCONFIRMED,INVOICECLEARED,2011-06-17 18:05:17,C
SC1,2f564177-c5f5-4435-9842-a46659752971,DELIVERYCONFIRMED,INVOICECLEARED,2017-01-07 04:05:44,C
SC1,f0708fc2-bd51-4bde-a165-599da66f7bdf,DELIVERYCONFIRMED,INVOICECLEARED,2011-05-21 15:04:21,C
SC1,07c2d3a1-54cc-460d-8c5c-3fa7d2e4da5e,DELIVERYCONFIRMED,INVOICECLEARED,2012-09-19 21:50:00,C
SC1,09ebd701-4d59-4d54-a4f5-67a3d18b20c8,DELIVERYCONFIRMED,INVOICECLEARED,2012-05-29 19:11:22,C
SC1,f0604d96-fb57-4ca7-9efb-3251590efa93,DELIVERYCONFIRMED,INVOICECLEARED,2016-03-01 03:41:35,C
SC1,7b325ab5-4a4a-4e1f-a628-c2b9a71e35ae,DELIVERYCONFIRMED,,2018-05-05 07:05:02,C
SC1,ccc3dfb6-8a9f-4059-b20e-7045b51538b4,DELIVERYRELEASED,,2011-05-22 16:12:37,h
SC1,0089578d-4717-449f-8eac-0bac9e362f2f,DELIVERYCONFIRMED,INVOICECLEARED,2018-08-21 05:08:23,C
SC1,90044d18-7d2a-45c7-8492-0bd0339e03e2,DELIVERYCONFIRMED,,2014-02-01 17:54:50,H
SC1,04615037-01b0-4915-8def-6c897b681fe4,DELIVERYCONFIRMED,,2018-10-23 22:18:29,C
SC1,71d38b15-6d2d-4455-b869-9b2f9a099a9c,DELIVERYCONFIRMED,,2020-01-22 01:37:22,H
SC1,3c424692-062d-4f25-8cef-d8e0301c518b,DELIVERYRELEASED,,2018-05-06 22:23:14,h
SC1,fc80a662-f347-48b0-8ece-81a4d04c629c,DELIVERYCONFIRMED,INVOICECLEARED,2012-01-14 15:19:51,C
SC1,39fafacb-e168-4a02-b000-bed862f1ce36,SALESORDERCREATED,,2012-04-30 21:53:33,C
SC1,a742728b-9c19-49e8-9bf2-ff27f7c74cb0,DELIVERYCONFIRMED,,2015-07-28 10:40:22,C
SC1,49965b44-4976-43d6-983a-053e4b353d2a,DELIVERYCONFIRMED,INVOICECLEARED,2010-02-08 11:38:41,C
SC1,a05f06d1-0d50-44e5-9eb6-8adc28d56cf4,DELIVERYCONFIRMED,INVOICECLEARED,2016-07-16 17:35:51,C
SC1,0cf41333-509f-434d-a722-64bb0ad0aac2,DELIVERYCONFIRMED,INVOICECLEARED,2015-09-30 14:56:30,C
SC1,8b15ccc8-26b2-462e-ad68-ba51119733d8,DELIVERYCONFIRMED,INVOICECLEARED,2020-07-22 14:24:47,C
SC1,e59b76de-cc59-4599-9447-6ab023804980,DELIVERYCONFIRMED,INVOICECLEARED,2012-07-27 17:38:23,C
SC1,3081df42-2b17-4ded-889b-b6980e66b955,DELIVERYCONFIRMED,INVOICECLEARED,2020-08-13 18:46:13,C
SC1,cb35f4df-fe25-48e3-9685-0679a50d0122,DELIVERYCONFIRMED,INVOICECLEARED,2011-02-14 09:27:20,C
SC1,88221f65-f918-423f-b85e-2001c7e574f9,DELIVERYCONFIRMED,INVOICECLEARED,2011-04-24 21:00:20,C
SC1,a4468ac8-d13c-40cd-88b3-43cbbef2ec2b,DELIVERYCONFIRMED,INVOICECLEARED,2011-12-19 07:49:01,C
SC1,1621f8f6-9583-4085-97e6-e53631d83cd4,DELIVERYCONFIRMED,INVOICECLEARED,2019-05-05 13:07:47,C
SC1,ca6ea7db-7209-49c8-957b-758b43fb5a53,DELIVERYCONFIRMED,INVOICECLEARED,2011-08-30 00:08:07,C
SC1,1bfc30a5-3214-4bb1-885c-7e86894228ec,DELIVERYCONFIRMED,INVOICECLEARED,2017-10-25 04:57:03,C
SC1,703c6447-439f-4264-9b63-85cf6a6ae1a6,DELIVERYCONFIRMED,,2016-10-09 03:54:44,H
SC1,97083556-1f77-42f9-bdff-f383c0a5e1a2,DELIVERYCONFIRMED,INVOICECLEARED,2019-10-07 04:00:25,C
SC1,6b6a1e22-9b37-405a-b77f-250354668b5e,DELIVERYCONFIRMED,INVOICECLEARED,2016-01-21 19:41:44,C
SC1,dfedfe2a-42f8-4c1b-9f29-eeddf833624a,DELIVERYCONFIRMED,INVOICECLEARED,2011-10-17 04:06:30,C
SC1,8861a15c-6fb6-4c18-bb7e-66f9c62b471f,DELIVERYCONFIRMED,INVOICECLEARED,2014-07-02 06:11:54,C
SC1,fa338e59-e0e4-4a60-bbdf-caf63a7c53ef,DELIVERYCONFIRMED,INVOICECLEARED,2015-04-09 17:12:42,C
SC1,900039b4-22c3-4b84-96d6-695fe61b30d8,DELIVERYCONFIRMED,INVOICECLEARED,2015-01-11 10:25:41,C
SC1,0a845550-7a00-4d55-aa52-10c5910efc12,DELIVERYCONFIRMED,INVOICECLEARED,2012-04-15 02:58:53,C
SC1,b97d68df-fa41-4819-ae14-984d5769ea28,DELIVERYCONFIRMED,INVOICECLEARED,2010-01-15 19:16:03,C
SC1,e4bb98ca-d2e7-4ed6-980a-f95aaa41be43,DELIVERYCONFIRMED,INVOICECLEARED,2014-01-17 21:07:00,C
SC1,d5007e30-d547-42c8-8611-5120fbb0343d,DELIVERYCONFIRMED,INVOICECLEARED,2016-07-06 21:28:25,C
SC1,9950a62b-0774-4529-80d6-527e1bfc8642,DELIVERYCONFIRMED,,2012-11-10 01:46:53,H
SC1,de8a8064-fada-4a2e-9f56-4d8d60f111ac,DELIVERYRELEASED,,2016-01-14 05:47:39,h
SC1,26763732-1371-48b8-b271-28fbcf6294e4,DELIVERYRELEASED,,2009-07-22 21:13:49,H
SC1,20eb345c-c961-4a96-8269-582fa170c988,DELIVERYCONFIRMED,INVOICECLEARED,2014-04-21 03:41:27,C
SC1,0b0cb3f8-f2a8-44b1-aadf-afd8a154f088,DELIVERYCONFIRMED,,2019-02-24 15:17:25,H
SC1,573d0d95-095d-4424-8558-f717422497e7,DELIVERYRELEASED,,2015-09-13 22:32:49,H
SC1,662ce6d2-3142-4798-8aef-8f0285a5ce12,DELIVERYCONFIRMED,,2012-08-03 05:25:33,H
SC1,b81a9533-af79-4009-b18e-e72e49277ebf,DELIVERYCONFIRMED,INVOICECLEARED,2011-07-14 09:09:02,C
SC1,b7526c09-3008-469d-9b59-114204e6433e,DELIVERYCONFIRMED,INVOICECLEARED,2016-01-05 05:50:49,C
SC1,1f0d32da-3349-4de5-a1ac-6c4d9c1e0a42,DELIVERYCONFIRMED,INVOICECLEARED,2015-04-26 07:06:11,C
SC1,2cbd853c-7097-4e29-a092-26c0b3146cf6,DELIVERYCONFIRMED,INVOICECLEARED,2013-11-24 22:30:15,C
SC1,c0770c68-9134-4ceb-9fcc-c111ea839ca0,DELIVERYCONFIRMED,INVOICECLEARED,2017-03-01 13:40:47,C
SC1,fbd6ba54-1a2d-4b50-a754-9a6735c0397d,DELIVERYCONFIRMED,,2013-12-24 22:01:18,H
SC1,26cf7e9c-5744-45bb-8dd7-af98ed4f8b07,DELIVERYCONFIRMED,INVOICECLEARED,2020-01-31 10:03:17,C
SC1,d55972db-23e3-4dbf-bbb3-d604422f08a9,DELIVERYCONFIRMED,INVOICECLEARED,2019-09-25 16:40:22,C
SC1,e4a56a0a-1bf2-40a6-b32e-c1f889206068,DELIVERYCONFIRMED,INVOICECLEARED,2010-09-06 21:42:02,C
SC1,a6f6abdb-9c55-48cd-a799-e84581cbb447,DELIVERYRELEASED,,2014-12-05 13:12:55,h
SC1,2a9f66c7-fdc9-4cdc-9c74-943122b19371,DELIVERYCONFIRMED,INVOICECLEARED,2015-07-19 18:14:30,C
SC1,b85095e4-2b6c-4bb9-90b9-2f9d1f4ca13e,DELIVERYCONFIRMED,INVOICECLEARED,2018-11-20 16:46:50,C
SC1,ac04f3d5-ddaf-447a-91b3-4f816562651d,DELIVERYCONFIRMED,INVOICECLEARED,2014-07-19 10:43:26,C
SC1,976e59c7-7ad7-419c-a8d7-4e8636868fc8,DELIVERYCONFIRMED,INVOICECLEARED,2017-04-23 17:24:41,C
SC1,e0bae2d5-3e59-4cde-aea8-edafe3f2382e,DELIVERYCONFIRMED,INVOICECLEARED,2010-09-29 10:38:55,C
SC1,8ff63ed0-6c9c-4e1b-a78f-4b2a715f651f,DELIVERYCONFIRMED,INVOICECLEARED,2017-01-25 23:21:41,C
SC1,4823aa0e-a878-4b2c-820e-6281d23fe66f,DELIVERYCONFIRMED,INVOICECLEARED,2017-05-07 17:06:41,C
SC1,beb05c78-02f5-49e6-9479-9ec3e6ac9085,DELIVERYCONFIRMED,INVOICECLEARED,2020-03-02 11:46:12,C
SC1,36f535d0-a4ee-4404-86ec-d67a1f129250,DELIVERYCONFIRMED,INVOICECLEARED,2016-09-24 15:42:26,C
SC1,c64ff1aa-420f-46ba-8803-605268f2606a,DELIVERYCONFIRMED,INVOICECLEARED,2014-01-09 10:16:48,C
SC1,f5028305-f406-4b94-b07e-d8d46c480aa9,DELIVERYCONFIRMED,INVOICECLEARED,2011-06-12 16:13:42,C
SC1,f32f84af-5996-47f3-bb65-13e21c6773a7,DELIVERYCONFIRMED,INVOICECLEARED,2014-05-05 04:41:43,C
SC1,4022e97a-a309-45ec-9741-00cc5a5296f4,DELIVERYCONFIRMED,INVOICECLEARED,2009-12-28 15:02:07,C
SC1,d93f3e08-d7d6-48f7-8921-6a67bc6bf4e9,DELIVERYRELEASED,,2018-08-22 10:26:50,H
SC1,286f1fbb-2450-4ece-803a-2f9ad0f2d187,DELIVERYRELEASED,,2017-09-22 04:42:00,h
SC1,e6d93757-c9d6-406e-94f5-05014bfde888,DELIVERYCONFIRMED,INVOICECLEARED,2010-05-08 09:26:02,C
SC1,b3f8835e-b83b-4c85-b13a-2924904821cb,DELIVERYCONFIRMED,INVOICECLEARED,2010-05-01 00:05:51,C
SC1,4accfd4e-a8b9-44d8-a5ac-710e8251cace,DELIVERYCONFIRMED,INVOICECLEARED,2012-02-14 04:39:23,C
SC1,6067cf2d-4fcc-4768-b0b0-c5918fef064a,DELIVERYCONFIRMED,INVOICECLEARED,2016-02-11 05:05:54,C
SC1,ecac7d13-30a3-4a5b-85f4-e9785f65a02d,DELIVERYCONFIRMED,INVOICECLEARED,2017-02-05 04:26:07,C
SC1,c677fdcb-1395-4f42-bd9e-e261ed84ff00,DELIVERYCONFIRMED,INVOICECLEARED,2019-04-14 17:59:56,C
SC1,9d9bf27b-2432-4ca1-9078-cfcd6c99933e,DELIVERYCONFIRMED,INVOICECLEARED,2018-04-19 09:20:42,C
SC1,d5a12fb8-72f4-4b72-b98d-1accef13e139,DELIVERYCONFIRMED,INVOICECLEARED,2014-07-22 06:46:52,C
SC1,74a5a040-6e72-4714-99fc-ea50bca15462,DELIVERYRELEASED,,2017-09-19 09:30:04,h
SC1,eae6b9a6-3a9e-4de6-88fa-668a0c2c6885,DELIVERYCONFIRMED,INVOICECLEARED,2015-04-14 09:08:29,C
SC1,6b3a3fbc-bb1a-4f08-929f-62e477c6ef14,DELIVERYCONFIRMED,INVOICECLEARED,2011-03-15 08:46:34,C
SC1,6972dd23-96c8-45ea-84de-8c8bdfde63a6,DELIVERYRELEASED,,2018-03-12 01:38:27,h
SC1,57ed7151-1dc3-4032-9d6a-408b8798404d,DELIVERYCONFIRMED,INVOICECLEARED,2010-09-28 07:58:28,C
SC1,4e588ea0-78e2-4cc6-bc80-ad2d4e5d6c84,DELIVERYCONFIRMED,INVOICECLEARED,2019-02-17 22:11:01,C
SC1,7ccb0645-5ecb-4de1-a5b6-80bddc5d76df,DELIVERYCONFIRMED,INVOICECLEARED,2015-02-11 09:15:57,C
SC1,bf83d143-5723-4c5f-b5e9-c878eb215014,DELIVERYCONFIRMED,,2015-02-04 02:02:36,C
SC1,f77137bd-fa45-45f8-aef3-79aba5a76fd5,DELIVERYCONFIRMED,INVOICECLEARED,2019-07-27 17:41:06,C
SC1,51930843-cc87-4e69-b3aa-2237c56315d8,DELIVERYCONFIRMED,INVOICECLEARED,2011-06-24 11:55:25,C
SC1,a8c91793-bc90-46b0-97fb-345f48290ca2,DELIVERYCONFIRMED,INVOICECLEARED,2018-07-30 05:56:16,C
SC1,4cb566cc-c3e5-4da0-873d-6fd0c10bc4b3,DELIVERYCONFIRMED,INVOICECLEARED,2018-04-09 05:08:33,C
SC1,a2c0c360-0de7-4a2e-af79-06a6ab3745f6,DELIVERYCONFIRMED,INVOICECLEARED,2018-12-25 02:32:10,C
SC1,ccb81bc1-9c43-4f74-b4c3-c42021abef85,DELIVERYRELEASED,,2011-06-30 11:50:36,h
SC1,da73a6ea-40b8-4a05-815e-1ab6beba115b,DELIVERYCONFIRMED,INVOICECLEARED,2013-03-23 09:18:17,C
SC1,a43f6248-090a-421d-bab9-e43b04da75de,DELIVERYCONFIRMED,INVOICECLEARED,2013-01-26 00:59:27,C
SC1,ad07ad3d-8271-4e52-b03c-3ae7141a4b03,DELIVERYCONFIRMED,INVOICECLEARED,2017-08-25 00:56:31,C
SC1,0978a644-0391-4442-8b3d-a126fd8ab41f,DELIVERYCONFIRMED,INVOICECLEARED,2011-09-17 02:34:16,C
SC1,063ddb98-77eb-4733-8bdd-9de7c2da63aa,DELIVERYCONFIRMED,INVOICECLEARED,2014-11-16 00:27:55,C
SC1,3483ce0c-0afe-4687-90c6-5dace6e33ec4,DELIVERYCONFIRMED,INVOICECLEARED,2010-06-03 23:33:50,C
SC1,5feef6fe-eb0c-4c5d-b58c-bcc45e5b24c9,DELIVERYCONFIRMED,,2016-06-01 11:16:54,C
SC1,e11347bb-cecd-4f02-9e8d-40b84d5640af,DELIVERYCONFIRMED,INVOICECLEARED,2011-04-23 11:21:02,C
SC1,cac8261a-7273-4543-8913-1737f532323e,DELIVERYRELEASED,,2016-11-09 21:40:49,h
SC1,05be0d7c-f0fb-4e58-9bce-38b4bf28e960,DELIVERYCONFIRMED,INVOICECLEARED,2011-11-29 04:21:17,C
SC1,208a43d2-e29d-40c6-a86d-0fbb831b1599,SALESORDERCREATED,,2017-07-01 15:18:06,C
SC1,1810cfef-9f52-4571-9aa7-70513baff5d5,DELIVERYCONFIRMED,INVOICECLEARED,2010-02-21 15:54:49,C
SC1,a44931db-526b-41a6-9fff-8df9765b07aa,DELIVERYCONFIRMED,,2011-04-22 10:40:14,H
SC1,edeb6f1c-784f-4429-9970-9bd08ae350de,DELIVERYCONFIRMED,INVOICECLEARED,2015-02-08 08:38:25,C
SC1,b092b0f7-d2c8-45fc-9226-46c641e7700a,DELIVERYCONFIRMED,INVOICECLEARED,2017-06-24 22:48:43,C
SC1,153399ae-5306-4b0f-9897-aed5203a1098,DELIVERYRELEASED,,2011-03-10 15:03:31,h
SC1,5ff4c42e-6897-4ea8-94b4-da9daf0914d8,DELIVERYCONFIRMED,INVOICECLEARED,2017-10-26 22:54:01,C
SC1,124d4cfb-1546-4e85-9c2c-8f6c7097d9e8,DELIVERYCONFIRMED,INVOICECLEARED,2014-07-12 22:19:04,C
SC1,0cbd0e10-92cd-4363-94e8-5438d2ad8214,DELIVERYCONFIRMED,INVOICECLEARED,2010-04-21 08:46:24,C
SC1,5ca9f8cb-87f0-41b8-853e-e52324323950,DELIVERYCONFIRMED,INVOICECLEARED,2012-07-03 17:44:01,C
SC1,c6c42c05-0011-457d-87d2-434eaf45804d,DELIVERYRELEASED,,2015-07-09 02:49:15,H
SC1,b232b956-9dfe-4bfd-9070-50763002bd51,DELIVERYCONFIRMED,INVOICECLEARED,2016-07-28 00:47:13,C
SC1,4ec89b34-9f24-4d5e-8301-4bbabc548fea,DELIVERYCONFIRMED,INVOICECLEARED,2019-08-23 14:47:29,C
SC1,5fc2bd98-e778-4a90-b70d-ed40743024c0,DELIVERYCONFIRMED,INVOICECLEARED,2016-07-28 09:01:03,C
SC1,85e48d9c-9787-4e33-bf69-29b5bbdbde15,DELIVERYRELEASED,,2015-06-07 17:26:22,h
SC1,a7c11075-194c-4531-a13e-fd3c2d82d6c1,DELIVERYCONFIRMED,INVOICECLEARED,2010-08-03 06:39:01,C
SC1,d237aa40-9704-4212-9064-3477197070b8,DELIVERYCONFIRMED,INVOICECLEARED,2016-08-23 04:33:03,C
SC1,09f82b0d-4360-4b6c-afc2-567d798cbde3,DELIVERYCONFIRMED,INVOICECLEARED,2014-07-18 13:12:56,C
SC1,06a6ee74-077d-4457-8731-5484a2e12c7b,DELIVERYRELEASED,,2012-03-30 12:25:47,h
SC1,c8a74c01-401a-4536-9c8a-703eec06ff2b,DELIVERYCONFIRMED,INVOICECLEARED,2019-03-26 21:13:37,C
SC1,bb67ecdd-3706-4706-a9c5-ac8f55c735a4,DELIVERYCONFIRMED,INVOICECLEARED,2017-01-18 05:05:06,C
SC1,eec57dd8-5aea-4cc3-b0a8-78284c2f0c3a,DELIVERYCONFIRMED,INVOICECLEARED,2016-01-06 03:37:32,C
SC1,78719921-8ce0-4778-b46d-d43499df437b,DELIVERYCONFIRMED,INVOICECLEARED,2012-07-26 00:40:48,C
SC1,aa76872a-62d2-49ce-80be-e2de0537afc2,SALESORDERCREATED,,2014-04-13 18:58:46,C
SC1,0775d3f3-d804-4a96-a351-58d6864a9a7a,DELIVERYCONFIRMED,INVOICECLEARED,2017-01-01 00:58:27,C
SC1,8b458362-de63-447b-afb8-1daf840cdc8c,DELIVERYCONFIRMED,,2016-04-16 06:47:28,C
SC1,2bbe8bbc-e564-4298-8f7a-0789f56c6a73,DELIVERYCONFIRMED,INVOICECLEARED,2014-08-05 08:21:16,C
SC1,c5105cec-a097-49e4-a8d7-6dbae0e9e13a,DELIVERYCONFIRMED,INVOICECLEARED,2020-04-29 16:24:49,C
SC1,a1231db2-a818-4b5f-8859-7585536644ce,DELIVERYRELEASED,,2016-06-29 19:01:42,h
SC1,f024e69c-c419-4fed-a580-15cb16985aa0,DELIVERYRELEASED,,2016-05-27 12:56:00,H
SC1,cf7bbe7d-bda0-4af3-95dd-44a3997ebceb,DELIVERYCONFIRMED,INVOICECLEARED,2018-08-02 16:11:12,C
SC1,be836b96-b46e-4d01-b4ef-14f3dc1b1438,DELIVERYCONFIRMED,INVOICECLEARED,2011-01-07 01:19:07,C
SC1,7b5f76a9-0320-4f4a-abe5-820f24afddce,DELIVERYCONFIRMED,INVOICECLEARED,2012-12-31 06:09:29,C
SC1,0364e35e-36a6-4385-ba04-b61fd0b0d666,DELIVERYCONFIRMED,INVOICECLEARED,2018-11-17 21:44:23,C
SC1,84f88f60-b724-45e9-a29a-fb1570add960,DELIVERYCONFIRMED,INVOICECLEARED,2011-05-01 20:45:11,C
SC1,717ea8d2-443f-4a75-b305-6659ea32ee7d,DELIVERYCONFIRMED,,2010-07-01 20:53:01,C
SC1,2253d6f4-38d8-4dac-88a0-7bd767baaa36,DELIVERYCONFIRMED,INVOICECLEARED,2015-01-04 15:54:26,C
SC1,8226494d-d8cb-43ca-9eca-e0556efd566f,DELIVERYCONFIRMED,INVOICECLEARED,2014-12-26 02:13:40,C
SC1,aa948ec4-4fd2-463f-ac15-30bd59c5fe35,DELIVERYCONFIRMED,INVOICECLEARED,2017-03-26 22:31:33,C
SC1,5f1aaf4b-1970-42c8-a2b7-04623a5fc29d,DELIVERYCONFIRMED,INVOICECLEARED,2019-06-15 02:02:03,C
SC1,1ba72cda-c058-4024-a7e1-5aabbb23d2ce,SALESORDERCREATED,,2016-12-30 19:44:10,h
SC1,9e811b89-ab72-41fc-b19a-09200cf82af0,DELIVERYCONFIRMED,,2015-08-14 21:45:20,C
SC1,883eea79-d5f4-4be5-b28b-ffc340622e57,DELIVERYCONFIRMED,INVOICECLEARED,2010-05-11 14:23:34,C
SC1,6e23c25f-f02c-4e75-9da5-3cc3e38a7f89,DELIVERYCONFIRMED,,2014-07-12 15:50:39,H
SC1,324a8aed-eb0d-4eb1-ae0c-e07a338c13c5,SALESORDERCREATED,,2016-06-05 01:31:29,C
SC1,b822e165-f31f-4a5c-84ae-d9d9a3ef51d5,DELIVERYCONFIRMED,INVOICECLEARED,2012-10-20 09:17:14,C
SC1,ddece0b8-65d7-48dc-aff2-378ede163ac7,DELIVERYCONFIRMED,INVOICECLEARED,2014-01-20 08:16:02,C
SC1,119a9edc-e3b0-4115-ac85-46e3fb324115,DELIVERYCONFIRMED,,2019-07-14 20:47:39,H
SC1,6da9de35-6960-4dab-b7b5-2c62e4b62cc8,DELIVERYCONFIRMED,INVOICECLEARED,2011-08-21 05:47:02,C
SC1,4af494b7-08e7-4984-a851-03ba0e2ac556,DELIVERYCONFIRMED,INVOICECLEARED,2011-12-19 15:54:08,C
SC1,a5ec0fa6-01bf-422b-a2b1-87292642179c,DELIVERYCONFIRMED,INVOICECLEARED,2013-12-23 05:45:03,C
SC1,1d4476ff-890f-4d7a-bc6b-2b67e9194f93,DELIVERYRELEASED,,2010-11-26 10:46:13,H
SC1,1e8506fc-6e11-4dd6-b23f-e7f9d03c6185,DELIVERYCONFIRMED,INVOICECLEARED,2012-02-15 05:57:45,C
SC1,911773db-aa38-4d28-91d3-a737c6435ce8,DELIVERYCONFIRMED,INVOICECLEARED,2018-05-17 18:18:50,C
SC1,ea5c1b76-38b6-4ad0-bf9b-a24b6999684a,DELIVERYCONFIRMED,,2019-11-03 12:31:30,H
SC1,955fa90e-7e2b-4dda-964d-a71cca7bedaf,DELIVERYCONFIRMED,INVOICECLEARED,2020-01-16 03:03:32,C
SC1,d3292ca2-27e3-487e-9cf5-f26a77180db7,DELIVERYRELEASED,,2018-03-22 02:03:54,h
SC1,4614e2d6-c175-4074-babc-00ce79ec8354,DELIVERYCONFIRMED,INVOICECLEARED,2016-06-26 02:21:21,C
SC1,08744b4c-60d6-4758-b191-0199073002da,DELIVERYCONFIRMED,INVOICECLEARED,2015-08-09 02:55:10,C
SC1,2755e0ac-77bc-4730-aef8-ece3a03fcad9,DELIVERYCONFIRMED,INVOICECLEARED,2019-08-22 20:48:52,C
SC1,35ab1c81-8356-4192-9872-de1945f4ca44,DELIVERYCONFIRMED,INVOICECLEARED,2017-05-15 02:38:32,C
SC1,bdab5530-c4da-43c0-80c8-aae3423409cb,DELIVERYCONFIRMED,INVOICECLEARED,2020-04-07 11:41:55,C
SC1,dd295d68-c276-4fed-8d0c-14c825287ef9,DELIVERYCONFIRMED,INVOICECLEARED,2012-12-10 18:33:22,C
SC1,451a084e-ad0a-47e5-b0ee-84ac17feeb27,DELIVERYRELEASED,,2011-03-27 02:04:12,H
SC1,1bd53efa-2aed-45a3-a1ae-5a479acd79ed,SALESORDERCREATED,,2012-01-30 20:00:51,C
SC1,52fc5530-d9a8-4f79-b8fb-f96bd99221c2,DELIVERYCONFIRMED,INVOICECLEARED,2016-12-08 01:18:02,C
SC1,14582698-25d8-4bd8-888a-eabff6773be5,DELIVERYCONFIRMED,INVOICECLEARED,2014-07-14 00:34:50,C
SC1,ad4597b9-390e-4261-80d5-6a5e09e81435,DELIVERYCONFIRMED,INVOICECLEARED,2020-09-10 23:26:38,C
SC1,7f0f8169-3083-49dd-8817-9e0e2094cb31,DELIVERYCONFIRMED,INVOICECLEARED,2019-10-25 19:00:38,C
SC1,6d38bb69-719b-47f9-821a-7bceaf42db93,DELIVERYCONFIRMED,INVOICECLEARED,2020-05-02 06:30:56,C
SC1,2cb9baa5-6879-4d6c-aa81-65d29aec5027,DELIVERYCONFIRMED,INVOICECLEARED,2013-04-16 21:09:38,C
SC1,738fffb4-6132-422b-80d8-8056a9443322,DELIVERYCONFIRMED,INVOICECLEARED,2018-07-04 16:34:16,C
SC1,1540ac02-5c83-4d18-92e4-7ca5ce4d6f4a,DELIVERYCONFIRMED,INVOICECLEARED,2013-10-13 04:57:41,C
SC1,dce102d3-8793-4c38-897e-239e0faeaa89,DELIVERYCONFIRMED,INVOICECLEARED,2017-09-15 01:34:15,C
SC1,f3fcda41-ad60-48d9-8daf-04057bcc3102,DELIVERYCONFIRMED,INVOICECLEARED,2013-12-15 11:38:52,C
SC1,379a1b39-b779-4700-a1ff-669b60a00fe6,DELIVERYCONFIRMED,INVOICECLEARED,2016-02-26 15:13:40,C
SC1,3254be73-5d60-4574-860c-cfa46ae1e79f,DELIVERYCONFIRMED,INVOICECLEARED,2016-10-21 10:21:00,C
SC1,3ebfff2a-6f8f-4d73-aeca-8e9fd6b4d091,DELIVERYCONFIRMED,INVOICECLEARED,2012-03-03 00:50:26,C
SC1,dff97c28-77c7-4183-8aac-90247e20318a,DELIVERYCONFIRMED,,2014-12-13 09:33:04,H
SC1,8e0e2360-a29b-4a00-bdd1-07755b26068e,DELIVERYCONFIRMED,INVOICECLEARED,2016-04-21 23:31:31,C
SC1,12f63ec2-e815-43ef-85e4-3a6a45bc5338,DELIVERYCONFIRMED,INVOICECLEARED,2015-07-29 16:17:05,C
SC1,309f87cf-725e-4a4a-b952-118b80cdb6c7,DELIVERYCONFIRMED,,2013-10-14 03:36:20,H
SC1,eb17a666-e2a3-4553-b6c1-2a34bf3d6eb2,DELIVERYCONFIRMED,INVOICECLEARED,2014-09-17 17:51:45,C
SC1,be31fd0b-d222-4ce2-b3f2-d0668cdc7f75,DELIVERYCONFIRMED,INVOICECLEARED,2010-08-09 02:58:48,C
SC1,0ace800f-34a3-47ea-a2af-dcd94434fd9f,DELIVERYCONFIRMED,INVOICECLEARED,2011-11-09 01:09:26,C
SC1,a5456841-1e37-4a85-9fe8-03ad74761911,DELIVERYCONFIRMED,INVOICECLEARED,2019-08-24 14:36:03,C
SC1,b2347e2c-975a-463b-9b16-e9cef1db413a,DELIVERYRELEASED,,2015-09-06 09:45:10,H
SC1,c6e7a576-46a3-43b7-986c-2862437f085a,DELIVERYCONFIRMED,INVOICECLEARED,2014-02-02 06:02:14,C
SC1,f6dffacf-8e97-40da-a1b5-fb3f8a296321,DELIVERYRELEASED,,2015-08-23 21:44:24,H
SC1,9a2ff3e9-5c67-45d9-ab92-94aa3c90e900,DELIVERYCONFIRMED,INVOICECLEARED,2017-03-29 16:26:09,C
SC1,c92d0e4c-a3d9-4a30-8127-a7d83710bf21,SALESORDERCREATED,,2017-12-25 23:52:59,C
SC1,7a9a1d38-53e1-4e3c-b53b-ebec5d024e26,DELIVERYCONFIRMED,INVOICECLEARED,2012-08-19 03:49:01,C
SC1,a1114a56-d747-45b8-a6b8-1bc7e559fadd,DELIVERYCONFIRMED,INVOICECLEARED,2020-06-08 00:43:15,C
SC1,ac09f8f7-864a-47d4-a905-de0aa1b447aa,DELIVERYCONFIRMED,INVOICECLEARED,2020-09-20 00:58:26,C
SC1,da5f2655-5565-43f1-9837-e09d797debfb,DELIVERYRELEASED,,2016-05-04 00:21:17,h
SC1,5b3c6728-c52f-4320-9cb3-f48e935aa6cb,DELIVERYCONFIRMED,INVOICECLEARED,2012-11-05 22:01:48,C
SC1,e7d39791-eb44-4dfd-aab7-44901b25add8,DELIVERYCONFIRMED,INVOICECLEARED,2015-06-13 18:32:52,C
SC1,8dda9661-bda9-46fa-b8ce-9a7f7051e646,DELIVERYCONFIRMED,INVOICECLEARED,2013-01-28 05:08:06,C
SC1,1d8380ba-57b2-4322-b075-67e9a1061462,DELIVERYCONFIRMED,INVOICECLEARED,2011-09-01 12:23:01,C
SC1,636c9ea6-0f1d-45d3-8091-f1f3d6245fd9,DELIVERYCONFIRMED,INVOICECLEARED,2014-11-03 14:18:28,C
SC1,f184ac4d-4b88-4e70-90cc-ef4856b695c7,DELIVERYRELEASED,,2013-07-31 05:05:31,H
SC1,acbc6fec-a65c-43f1-9b70-5d8aa722e361,DELIVERYCONFIRMED,INVOICECLEARED,2012-08-07 11:13:02,C
SC1,b4e78a18-3a73-4b38-b0f4-91b51b103181,DELIVERYCONFIRMED,INVOICECLEARED,2015-01-07 05:36:09,C
SC1,9f31c007-c9d1-4fb5-9430-bf3a4229f922,DELIVERYCONFIRMED,INVOICECLEARED,2018-05-22 21:14:28,C
SC1,60e035be-b960-4d46-a80e-6baab8be45ce,DELIVERYCONFIRMED,INVOICECLEARED,2018-01-08 16:21:55,C
SC1,5186e5ce-bce1-4cd8-a901-4a09e8f31c28,DELIVERYCONFIRMED,INVOICECLEARED,2012-08-09 03:55:42,C
SC1,33dea4a0-c8bf-4659-b9a2-08cb4397495c,DELIVERYCONFIRMED,INVOICECLEARED,2017-06-24 16:50:55,C
SC1,4a33c8c0-3b6e-4450-80ae-e799afb83d73,DELIVERYRELEASED,,2016-12-08 23:39:27,H
SC1,53c80cbc-fec9-4e82-9453-358648db2c1e,DELIVERYCONFIRMED,INVOICECLEARED,2015-11-07 12:25:24,C
SC1,19cf6887-4f43-4dd7-9296-f7e178b1be69,DELIVERYCONFIRMED,INVOICECLEARED,2018-05-22 23:56:08,C
SC1,3d53599a-796d-4e97-855e-488d8f204317,DELIVERYCONFIRMED,INVOICECLEARED,2013-07-03 00:24:56,C
SC1,7fdd0919-88ad-472e-8d56-17975d1448f2,DELIVERYCONFIRMED,INVOICECLEARED,2018-12-10 10:53:32,C
SC1,b864065b-56d3-44ca-a034-9135706f07b6,DELIVERYCONFIRMED,INVOICECLEARED,2019-01-07 11:09:10,C
SC1,03c59d07-86ee-4ddd-909b-ab1e4e93bfd2,DELIVERYCONFIRMED,INVOICECLEARED,2012-02-05 12:43:50,C
SC1,cf95e49e-fc46-4d53-8d0a-158b658c5939,DELIVERYCONFIRMED,INVOICECLEARED,2013-12-31 04:19:26,C
SC1,e86053ea-2187-4c6e-896b-b126bc0170f8,DELIVERYRELEASED,,2012-07-13 10:45:34,H
SC1,c6dbbe57-6a2f-4ede-b576-f6e8a17db2e9,DELIVERYRELEASED,,2018-10-05 18:58:07,h
SC1,a51930b1-b221-40ac-825c-7a86aa5b5508,DELIVERYCONFIRMED,,2014-10-17 04:34:37,H
SC1,98bfa2f1-4fb0-425b-ae03-183fdc177ad7,DELIVERYCONFIRMED,INVOICECLEARED,2011-01-18 03:10:53,C
SC1,ffc7342a-61b9-4ec9-853c-41c4c3ca2b53,SALESORDERCREATED,,2018-12-25 18:49:36,C
SC1,e971ef99-bd6c-4a3d-a59c-7a70b50235db,DELIVERYCONFIRMED,INVOICECLEARED,2020-02-13 01:51:23,C
SC1,edeb7c45-adc5-4f21-bf38-aff5adcfe237,DELIVERYCONFIRMED,INVOICECLEARED,2013-02-20 19:49:04,C
SC1,3d410948-9d78-494c-85fe-9cdf1a1ef81b,DELIVERYCONFIRMED,INVOICECLEARED,2011-01-14 06:44:51,C
SC1,d3b79469-da86-43cf-9409-f19099e28774,DELIVERYCONFIRMED,,2014-09-05 19:41:00,H
SC1,040d90f5-d2c5-4b31-8687-69b673c48f00,DELIVERYCONFIRMED,INVOICECLEARED,2020-04-28 15:58:47,C
SC1,0949c923-8dbf-4abc-9b71-8f86f4c18902,DELIVERYCONFIRMED,INVOICECLEARED,2014-08-12 00:32:30,C
SC1,e4e8162c-8601-417d-b2ee-d9b6ec8eeea5,DELIVERYRELEASED,,2010-08-29 19:44:47,H
SC1,f185bdbd-8f82-4689-811a-9f49615dfe3a,DELIVERYCONFIRMED,INVOICECLEARED,2012-11-03 03:20:04,C
SC1,b0c10b15-ac1d-4082-aa13-16a51a4de689,DELIVERYCONFIRMED,INVOICECLEARED,2013-09-29 05:46:33,C
SC1,4e6e3f3c-3ff0-4052-a463-51d59c1c11df,DELIVERYCONFIRMED,INVOICECLEARED,2016-11-12 19:34:30,C
SC1,8b0290bf-80bd-4102-b2c3-5b1738c61bab,DELIVERYCONFIRMED,,2019-06-22 16:11:51,C
SC1,17aa2040-242c-400e-80c9-afc0f1774aca,DELIVERYCONFIRMED,INVOICECLEARED,2017-04-29 10:31:50,C
SC1,6fabeefe-5f9d-4de1-8bf0-349dbf9ec528,DELIVERYCONFIRMED,INVOICECLEARED,2017-04-14 05:37:17,C
SC1,e55bba39-62a2-4052-bfdc-b9a544f9ad84,DELIVERYCONFIRMED,INVOICECLEARED,2017-10-02 01:29:10,C
SC1,52ca0762-1b22-4bc4-aced-20788c7b03d8,DELIVERYCONFIRMED,INVOICECLEARED,2010-07-02 21:13:23,C
SC1,f66f294f-cefd-4ee2-bb58-d83568bf1fb0,DELIVERYCONFIRMED,INVOICECLEARED,2015-05-26 03:31:46,C
SC1,55380114-3cb8-4ef4-bda8-88db58d12af3,SALESORDERCREATED,,2018-08-15 18:55:21,C
SC1,bb1b2e0b-ae43-4a95-8fcf-0695e7844c05,DELIVERYCONFIRMED,INVOICECLEARED,2019-03-12 11:12:48,C
SC1,4d84081b-9311-45c2-9a1d-62d73cf39168,SALESORDERCREATED,,2014-12-04 02:58:47,C
SC1,58387555-fafa-43de-a906-1683ff1092c0,DELIVERYCONFIRMED,INVOICECLEARED,2014-10-18 08:34:48,C
SC1,fa1cf4cc-04a3-40eb-9ba1-d35c5491a015,DELIVERYCONFIRMED,INVOICECLEARED,2016-04-01 23:17:54,C
SC1,1b5a1e5d-025a-4f7f-bb6c-b046fda99461,DELIVERYCONFIRMED,INVOICECLEARED,2020-02-20 22:43:58,C
SC1,58827dfb-6ef9-4796-82de-41f2c81728f6,DELIVERYCONFIRMED,INVOICECLEARED,2017-01-06 06:45:05,C
SC1,71541bbd-c100-49e3-afad-c0a7f5f97cd3,DELIVERYCONFIRMED,,2013-02-25 04:38:01,H
SC1,c5c89127-9ec1-473f-8971-13a3841b383e,DELIVERYCONFIRMED,INVOICECLEARED,2014-12-19 17:28:54,C
SC1,7799a175-4969-447f-a621-642b21ccea48,DELIVERYCONFIRMED,INVOICECLEARED,2009-08-27 10:22:28,C
SC1,1001affe-b083-40d1-841e-cd769f2f8825,DELIVERYCONFIRMED,INVOICECLEARED,2016-02-15 08:40:23,C
SC1,d34d564c-9cf7-4d97-8061-2f52681e5f8f,DELIVERYCONFIRMED,INVOICECLEARED,2019-09-30 03:01:23,C
SC1,36f414d3-c5b9-4218-bbb7-cb7155b56794,DELIVERYCONFIRMED,INVOICECLEARED,2015-11-19 21:42:05,C
SC1,af6a0896-0862-4d0e-9b10-b9afb9799eff,DELIVERYCONFIRMED,INVOICECLEARED,2018-03-20 22:10:19,C
SC1,d2cc99b0-374a-4e9e-ad07-aa559fb49fdc,DELIVERYCONFIRMED,,2019-02-26 03:38:55,H
SC1,e5aea4fa-e261-4738-a494-d2ae766f7ec8,DELIVERYCONFIRMED,INVOICECLEARED,2014-02-09 23:32:44,C
SC1,9d4db97f-9704-46a4-8267-c57c130590cd,DELIVERYCONFIRMED,INVOICECLEARED,2018-06-16 05:56:05,C
SC1,30bca68a-0a20-4ff4-b640-ca89f2311f74,DELIVERYCONFIRMED,INVOICECLEARED,2019-12-27 12:01:23,C
SC1,c3a0efef-bd10-4520-858a-77c1e5bc621f,DELIVERYCONFIRMED,INVOICECLEARED,2014-04-23 02:12:17,C
SC1,604c62cf-de61-4a46-96d0-7971450781bb,DELIVERYCONFIRMED,INVOICECLEARED,2011-01-30 21:40:18,C
SC1,878ca69d-72ac-4b10-8c59-da6c0f376be0,DELIVERYCONFIRMED,INVOICECLEARED,2019-06-10 00:28:50,C
SC1,d527c51e-09cb-4577-9b23-d330e8f750bb,DELIVERYCONFIRMED,INVOICECLEARED,2016-06-28 09:01:45,C
SC1,6d8d0e77-9e8b-4592-a928-c61bb1656c1a,DELIVERYCONFIRMED,INVOICECLEARED,2017-11-09 01:10:11,C
SC1,9a97b8d7-068d-4c2d-aa9d-e24589855616,DELIVERYCONFIRMED,INVOICECLEARED,2011-11-28 23:06:46,C
SC1,ef65f727-8934-4f33-9f44-a79e4382a035,DELIVERYCONFIRMED,INVOICECLEARED,2020-02-22 20:09:26,C
SC1,4434c25c-58c3-4008-82d2-751876468df6,DELIVERYCONFIRMED,INVOICECLEARED,2017-04-17 06:02:57,C
SC1,e2bd0a5e-c0e4-41df-bdea-4fb19606fe0b,DELIVERYRELEASED,,2019-03-03 17:05:43,H
SC1,656263bf-946e-4aa9-8703-ad27d8f1d0bd,SALESORDERCREATED,,2015-04-12 15:59:04,C
SC1,61910960-acf1-4c62-bdeb-edf2c7b27fc5,DELIVERYCONFIRMED,INVOICECLEARED,2018-03-08 07:06:16,C
SC1,82c31d60-56c6-452d-94f9-83b0fd385b03,DELIVERYCONFIRMED,INVOICECLEARED,2010-11-06 22:11:52,C
SC1,d4913d0b-260c-4f26-bcee-ee483d42a883,DELIVERYCONFIRMED,INVOICECLEARED,2012-02-19 16:22:14,C
SC1,10aa5c18-65e2-44a9-be35-0df733ad79f9,DELIVERYCONFIRMED,INVOICECLEARED,2014-12-16 09:00:09,C
SC1,ff7dba5a-c7a6-4a58-ad56-8dd39372508d,DELIVERYCONFIRMED,INVOICECLEARED,2013-06-17 09:19:34,C
SC1,1747b62f-4797-45ae-a9f3-2070bc92cb26,DELIVERYCONFIRMED,INVOICECLEARED,2015-02-22 04:57:36,C
SC1,ab0124ca-7389-492e-ade0-5313b5ab3eba,DELIVERYCONFIRMED,INVOICECLEARED,2011-01-18 00:58:44,C
SC1,1c9b5bb0-c981-4069-a6e0-0b1a66156ddc,DELIVERYCONFIRMED,INVOICECLEARED,2013-10-01 22:00:59,C
SC1,8a6342c8-77b4-4585-bfe1-a2b72b6c83a6,DELIVERYRELEASED,,2015-10-27 01:44:42,h
SC1,139fb2ee-d6da-4861-8291-6453b36f8c87,DELIVERYCONFIRMED,INVOICECLEARED,2017-06-15 15:14:49,C
SC1,669912b0-65ef-46ee-9729-9eb5ac5f0884,DELIVERYCONFIRMED,INVOICECLEARED,2014-05-29 03:34:39,C
SC1,bd3db767-3103-440b-8f36-d5d8774699f1,DELIVERYCONFIRMED,INVOICECLEARED,2011-06-25 16:56:27,C
SC1,8745578d-a384-41bb-8404-ed154e6c95bf,DELIVERYRELEASED,,2016-02-03 05:30:03,h
SC1,aa06f3e0-6cfa-4331-ad26-48269d35d691,DELIVERYCONFIRMED,INVOICECLEARED,2012-09-04 00:17:21,C
SC1,6e84991b-3b36-4854-96cb-39f6fbaafb50,DELIVERYCONFIRMED,INVOICECLEARED,2016-11-13 21:14:24,C
SC1,e565d601-ea46-4ebe-a901-a37e278501e1,DELIVERYCONFIRMED,INVOICECLEARED,2009-12-22 08:31:08,C
SC1,e2e80dca-411b-4d9e-83e2-d603a541c044,DELIVERYCONFIRMED,INVOICECLEARED,2020-03-28 15:57:16,C
SC1,00110744-1e7e-4a10-b05f-553d18c0728d,SALESORDERCREATED,,2015-09-15 11:37:33,C
SC1,0d49909e-95af-407a-af80-8a2669660fd7,DELIVERYCONFIRMED,INVOICECLEARED,2011-06-30 14:43:30,C
SC1,0f6bb0e1-f1ee-4279-a095-37ec1bf2ea32,DELIVERYCONFIRMED,INVOICECLEARED,2021-01-10 18:58:15,C
SC1,a1aedb34-4726-44d3-864c-9caed49a4dcf,SALESORDERCREATED,,2015-01-14 13:45:10,H
SC1,94afbaad-f3a3-4841-bbc3-330d3b1caf27,SALESORDERCREATED,,2009-12-18 10:52:38,C
SC1,89a2b000-605a-4ee9-a247-4ce8e31b046c,DELIVERYCONFIRMED,INVOICECLEARED,2016-07-09 08:07:07,C
SC1,08a7a61b-3b74-4d80-b4c6-26fa194d0337,DELIVERYCONFIRMED,INVOICECLEARED,2016-07-04 18:04:59,C
SC1,555795d7-0738-4ecc-aac0-2c6da95b2abb,DELIVERYCONFIRMED,INVOICECLEARED,2012-03-05 23:26:34,C
SC1,a8c6946e-e339-4fe1-8daf-7ea5b4c703ea,DELIVERYCONFIRMED,INVOICECLEARED,2013-12-19 11:15:38,C
SC1,98fe3a5d-f155-4dd0-b4aa-bef0f8c5fb01,DELIVERYRELEASED,,2016-07-14 12:31:46,H
SC1,96472be8-5048-42a2-81ea-699d053beded,DELIVERYCONFIRMED,INVOICECLEARED,2013-02-22 09:03:39,C
SC1,567003dc-1e3a-47ce-8ace-ed98aa432ccd,DELIVERYCONFIRMED,INVOICECLEARED,2018-12-30 06:37:32,C
SC1,55058967-4a2f-4e49-9a63-08c14cc4fc8d,DELIVERYCONFIRMED,INVOICECLEARED,2010-10-08 21:45:24,C
SC1,e3f6fb2b-b24f-4d21-a4f3-cfbc07506996,DELIVERYRELEASED,,2009-08-13 21:45:59,h
SC1,bf8b3494-e546-4078-8b7f-f7acf20651ac,DELIVERYRELEASED,,2016-12-16 07:11:04,h
SC1,dc380f71-77d8-4fb0-8bfd-4e41fb738ceb,DELIVERYCONFIRMED,INVOICECLEARED,2010-09-10 05:15:50,C
SC1,b07bd37b-50ad-460c-81d7-e3bc6d9c05ee,DELIVERYCONFIRMED,INVOICECLEARED,2015-09-24 06:08:00,C
SC1,9f473a61-e6ef-4221-851b-d59fa3e32685,DELIVERYRELEASED,,2017-10-02 03:04:10,h
SC1,01dbcbb5-39ac-4b4e-8ff3-02ab8669ee12,DELIVERYCONFIRMED,INVOICECLEARED,2011-09-09 02:29:50,C
SC1,791714af-d004-416a-abed-1a4567dfefc6,DELIVERYCONFIRMED,INVOICECLEARED,2010-08-06 07:26:08,C
SC1,798bc2f1-ead4-47b8-aebc-2360223d6655,DELIVERYCONFIRMED,INVOICECLEARED,2012-04-10 03:24:02,C
SC1,1f010b46-88a5-4b0f-94c0-87e634bfc0ce,DELIVERYCONFIRMED,INVOICECLEARED,2016-01-21 09:22:55,C
SC1,92181677-a038-41ba-8ce1-c92e8cf09457,DELIVERYCONFIRMED,INVOICECLEARED,2016-07-30 17:29:38,C
SC1,efe0aa11-5caf-4885-8d53-37ab694108bd,DELIVERYCONFIRMED,INVOICECLEARED,2018-11-01 18:00:09,C
SC1,cd3c6ffb-2a8d-4274-b056-2e897dcd145b,DELIVERYRELEASED,,2012-01-03 01:00:08,h
SC1,560bdf65-deb2-4680-9a7a-872699bbec5d,DELIVERYCONFIRMED,INVOICECLEARED,2015-03-13 15:48:17,C
SC1,78c9a3ee-79f6-4f48-af1f-e9650c7d6717,DELIVERYCONFIRMED,INVOICECLEARED,2013-05-17 18:22:01,C
SC1,b0fcb01a-ac51-4dda-87b6-66526df1ea25,DELIVERYRELEASED,,2017-11-12 19:13:07,h
SC1,2f0df793-ec9b-434c-9e83-2b3c8cf21857,DELIVERYRELEASED,,2012-04-13 23:44:24,h
SC1,8bdb267a-caa2-4aed-b337-241ae4271ccb,DELIVERYCONFIRMED,,2018-07-08 15:19:42,H
SC1,53a6f46a-6f90-4dd9-ac7a-f02c429810e9,SALESORDERCREATED,,2014-12-21 06:44:08,C
SC1,9d67ef7a-e1a6-4522-81ce-6956653981f0,DELIVERYCONFIRMED,INVOICECLEARED,2013-09-02 20:37:26,C
SC1,d5de6c76-00cc-4bd5-a142-b6ded6153b79,DELIVERYRELEASED,,2012-09-25 15:32:50,h
SC1,27b0776b-ea6b-4eb2-9194-688389a50ace,DELIVERYCONFIRMED,INVOICECLEARED,2016-03-06 05:32:55,C
SC1,e7f80358-d3f0-4297-ae77-60446a6e9db9,DELIVERYRELEASED,,2013-07-03 13:37:31,H
SC1,e5fa3507-6844-45c7-abf8-9e74eb7d1a0f,DELIVERYCONFIRMED,INVOICECLEARED,2018-10-25 20:30:56,C
SC1,7793457a-7667-4931-9a74-cef4fc749064,DELIVERYCONFIRMED,INVOICECLEARED,2017-07-27 18:58:43,C
SC1,4835bc87-44e8-4d03-b144-7bfc2fee63e9,SALESORDERCREATED,,2019-08-20 07:21:35,C
SC1,73b60fbb-41ea-466e-bd94-f0cee6dda939,DELIVERYCONFIRMED,INVOICECLEARED,2017-01-16 14:56:53,C
SC1,2db32761-b216-4d8c-8e0f-dc50a6b00ebd,DELIVERYCONFIRMED,INVOICECLEARED,2014-11-26 13:31:37,C
SC1,08107c3e-2ec1-428e-b591-d144d70e52c5,DELIVERYCONFIRMED,,2018-10-22 01:35:43,C
SC1,3f492e48-5213-48a0-8c13-dcb24dec0f4b,DELIVERYCONFIRMED,INVOICECLEARED,2018-10-12 10:44:17,C
SC1,20f97fc2-bc20-4fac-acac-d8c53699364e,DELIVERYRELEASED,,2011-03-23 10:59:22,h
SC1,8086e21d-02e3-4503-b6aa-0d228963e85c,DELIVERYCONFIRMED,INVOICECLEARED,2011-01-19 08:14:52,C
SC1,60661d49-e25c-4b36-802f-a841f91580a6,DELIVERYCONFIRMED,INVOICECLEARED,2010-07-10 09:46:50,C
SC1,d4fd4518-1a96-4a9e-8281-fa3e14fdc8ac,DELIVERYCONFIRMED,INVOICECLEARED,2020-06-11 17:31:41,C
SC1,d25697a7-fc86-4017-bc86-65214ed6cd5b,DELIVERYCONFIRMED,INVOICECLEARED,2019-10-23 04:07:12,C
SC1,d406c69f-7c1b-44a2-b34c-decdbe7094fa,SALESORDERCREATED,,2011-08-11 22:20:27,C
SC1,125f4dba-86af-426b-8c89-6f09c1543f15,DELIVERYCONFIRMED,INVOICECLEARED,2015-12-10 12:34:26,C
SC1,525c437f-1817-4b6e-a778-18893debf8cd,DELIVERYCONFIRMED,INVOICECLEARED,2016-08-14 00:18:27,C
SC1,db00bf1a-b1fe-498d-81bd-f328a88bd4e5,DELIVERYCONFIRMED,INVOICECLEARED,2017-02-28 19:34:33,C
SC1,47fb9610-746f-4474-8577-05f45a38bfcf,DELIVERYCONFIRMED,INVOICECLEARED,2017-05-24 01:28:27,C
SC1,5d35cf7f-1366-4fa7-9b88-235680f9000d,DELIVERYCONFIRMED,INVOICECLEARED,2016-12-27 22:04:59,C
SC1,232547be-b410-42cc-a21a-26c0ba4c8d53,DELIVERYCONFIRMED,INVOICECLEARED,2015-12-31 21:54:56,C
SC1,a236e698-b8c2-4491-a41d-99bb8427b5a1,DELIVERYCONFIRMED,INVOICECLEARED,2015-11-24 02:34:31,C
SC1,f45dcddf-8f40-4164-89ad-b169983cdcd9,DELIVERYCONFIRMED,INVOICECLEARED,2020-02-29 11:40:46,C
SC1,fb25b93d-5488-41da-9d65-b5a413af456c,DELIVERYCONFIRMED,INVOICECLEARED,2015-01-24 14:09:24,C
SC1,9643fbfe-b03e-49f5-9377-9e12f450b721,DELIVERYCONFIRMED,INVOICECLEARED,2014-10-21 03:07:37,C
SC1,9427f850-2fe8-4af0-b8c4-aa5048d54a55,DELIVERYCONFIRMED,INVOICECLEARED,2010-07-28 13:22:06,C
SC1,8198050d-0285-4c6c-baa6-103e4e0ceb9f,DELIVERYCONFIRMED,INVOICECLEARED,2019-01-01 01:21:24,C
SC1,d6573a9e-7b84-4507-af6c-4a1590b49a8b,DELIVERYCONFIRMED,,2018-08-27 05:32:58,H
SC1,a2bc5803-e2bb-4759-a4bc-062bd96f8c20,DELIVERYCONFIRMED,INVOICECLEARED,2019-05-18 22:30:54,C
SC1,1c872901-b26f-4d29-9a01-713481ccdeec,DELIVERYCONFIRMED,INVOICECLEARED,2013-03-25 23:44:37,C
SC1,ca84fc6e-4c77-4e0e-86bc-a8ec90a027b9,DELIVERYCONFIRMED,INVOICECLEARED,2019-02-06 17:00:07,C
SC1,bb724947-c7f3-49ba-b329-e0035916be70,DELIVERYCONFIRMED,INVOICECLEARED,2019-05-05 05:28:02,C
SC1,4cdccbd8-05cd-4eae-865e-183d9a693040,DELIVERYCONFIRMED,INVOICECLEARED,2015-07-23 10:51:04,C
SC1,f8fcee31-4798-4af4-bb26-6a850a8074a5,DELIVERYCONFIRMED,INVOICECLEARED,2014-03-06 21:35:29,C
SC1,9714dcf8-c119-46de-9cf5-0c05261a878f,DELIVERYCONFIRMED,INVOICECLEARED,2010-12-07 18:50:06,C
SC1,8aa8cedd-4d06-4e29-b639-b033369f1509,DELIVERYCONFIRMED,INVOICECLEARED,2016-11-26 19:57:32,C
SC1,0cc4c3f8-e4af-4448-b835-07892ff87645,DELIVERYCONFIRMED,INVOICECLEARED,2017-08-01 00:15:20,C
SC1,47b33834-d5ab-4223-b913-43390493947f,DELIVERYCONFIRMED,INVOICECLEARED,2013-10-06 14:25:40,C
SC1,40434314-5f4d-44e3-88d9-9729e67d836d,DELIVERYRELEASED,,2018-03-11 18:24:38,H
SC1,8a899082-828d-4126-a329-29f6c2026ee7,DELIVERYCONFIRMED,INVOICECLEARED,2014-09-22 06:59:28,C
SC1,f0a9b11e-9537-4943-bbc1-65e94733b659,DELIVERYCONFIRMED,INVOICECLEARED,2013-05-09 19:59:26,C
SC1,e101e6f4-36d9-4d87-886b-6dfc81ec28dd,DELIVERYCONFIRMED,INVOICECLEARED,2015-03-25 12:09:33,C
SC1,53f7da97-ae65-40b3-b7bc-8a8381e02a97,DELIVERYRELEASED,,2017-08-29 06:17:08,h
SC1,ca19f82c-79f9-421c-a4c2-2a923e777371,DELIVERYRELEASED,,2010-05-18 06:37:49,h
SC1,9dd7d5ca-5231-43a5-8c1e-84f0077c11a6,DELIVERYCONFIRMED,INVOICECLEARED,2011-07-12 13:44:56,C
SC1,5e74b14c-49b9-4088-b713-127539a32ae1,DELIVERYCONFIRMED,INVOICECLEARED,2018-04-12 19:38:19,C
SC1,c44eb9db-8d03-47f8-a981-e9aa481eacd1,DELIVERYCONFIRMED,INVOICECLEARED,2013-03-24 02:02:42,C
SC1,cd1fb545-635f-4bbf-97b1-621d70e56699,DELIVERYCONFIRMED,INVOICECLEARED,2010-07-14 06:14:33,C
SC1,45302445-c2fd-41f1-89e6-39f719c6c69d,DELIVERYCONFIRMED,INVOICECLEARED,2018-11-02 05:29:01,C
SC1,65f61a9d-45fa-4c26-a8f6-e73f60928c6b,DELIVERYCONFIRMED,INVOICECLEARED,2013-07-17 18:40:52,C
SC1,e61a616e-99db-4c42-ad3d-2a570b6d615b,DELIVERYRELEASED,,2010-07-31 17:53:18,h
SC1,d430e3f6-399f-4ea2-86a8-b34f731c00ad,DELIVERYCONFIRMED,INVOICECLEARED,2018-10-07 01:07:41,C
SC1,3c529dc1-732a-4fde-aa57-7762ef7841a5,DELIVERYCONFIRMED,INVOICECLEARED,2014-05-13 09:08:08,C
SC1,e7adfb5a-c2c3-47c2-bc09-244b5c3307b1,DELIVERYRELEASED,,2012-02-20 11:35:04,h
SC1,8a40b0b8-cc29-4ead-8c3f-741cf1b4cbfa,DELIVERYCONFIRMED,INVOICECLEARED,2017-02-12 00:08:51,C
SC1,b00d0c9c-f3c0-464a-b625-0f76fb09bd36,DELIVERYCONFIRMED,INVOICECLEARED,2020-02-08 23:27:03,C
SC1,8ed3cf59-db32-413f-964d-11f8c360849a,DELIVERYCONFIRMED,,2014-05-10 00:09:33,H
SC1,851f04be-3a68-4584-994f-26a093f71d7e,DELIVERYRELEASED,,2018-05-26 13:06:56,h
SC1,76f81c5f-9fd3-4ab5-bef1-45b7657e1c9a,DELIVERYCONFIRMED,INVOICECLEARED,2020-04-07 14:36:31,C
SC1,7fda6eab-199c-4856-8b74-88c7b738a002,DELIVERYCONFIRMED,,2014-11-23 02:12:04,H
SC1,3e94500b-ea10-4ab8-bb4f-581a43631fa2,DELIVERYCONFIRMED,INVOICECLEARED,2014-06-11 19:46:58,C
SC1,eff75690-4115-496a-9896-b1b8bccefb24,DELIVERYCONFIRMED,INVOICECLEARED,2015-02-22 15:12:37,C
SC1,0b422a11-777c-46a3-9048-b4012a795bae,DELIVERYCONFIRMED,INVOICECLEARED,2012-04-11 20:28:03,C
SC1,0aaaba01-a5aa-4590-9a40-e2a7c653e54e,DELIVERYCONFIRMED,INVOICECLEARED,2012-04-16 01:38:31,C
SC1,0701359b-45c5-4b4d-8077-68c0f379564a,DELIVERYCONFIRMED,INVOICECLEARED,2018-04-07 19:38:51,C
SC1,ee7d1715-1119-4831-a807-49654100490b,DELIVERYRELEASED,,2010-07-28 10:24:13,H
SC1,557c8e23-f1c4-44ee-94d6-3a878c9cb221,DELIVERYCONFIRMED,,2013-02-22 01:53:53,H
SC1,6df203d4-2c8c-4547-9664-79242b4c58ea,DELIVERYRELEASED,,2019-09-12 03:23:43,H
SC1,cb38753a-d484-4c5c-8c9f-2e9470c36cf1,DELIVERYCONFIRMED,,2014-01-12 03:57:11,H
SC1,a31c3db2-e078-4192-8194-476092461e5b,DELIVERYCONFIRMED,,2011-04-08 09:20:27,C
SC1,78056e79-d58f-4ea4-9f4f-d2e6492532ef,DELIVERYCONFIRMED,INVOICECLEARED,2017-04-29 09:04:04,C
SC1,459be2b1-1a0c-43af-9374-cc43cbbf1623,DELIVERYCONFIRMED,,2014-11-11 11:15:05,H
SC1,4ab176ee-6338-4441-a484-9e44b03c8850,DELIVERYCONFIRMED,INVOICECLEARED,2021-03-20 05:14:00,C
SC1,fa52c3a6-c585-4f9a-b479-a8bd59804274,DELIVERYRELEASED,,2015-11-11 08:37:03,H
SC1,a6f661f4-529f-4f79-bd9a-b2f1a5e4ad7c,DELIVERYCONFIRMED,INVOICECLEARED,2015-07-01 01:30:05,C
SC1,03cae074-ee1a-4e9f-bc79-a95b9045c1af,DELIVERYRELEASED,,2012-02-19 10:41:11,h
SC1,601a0aa1-0d9e-46b0-b785-1794ad0e9364,DELIVERYCONFIRMED,INVOICECLEARED,2011-10-09 10:01:37,C
SC1,5ab2e3ee-eaca-40da-8651-0fefe72b62e7,DELIVERYCONFIRMED,INVOICECLEARED,2010-07-19 00:09:17,C
SC1,ffd361d8-c984-4644-b46e-af1cb79a05b6,DELIVERYCONFIRMED,,2013-06-19 15:23:05,H
SC1,61c00275-c862-4fd4-8be1-3a9a8071d245,SALESORDERCREATED,,2010-08-05 11:50:57,C
SC1,649eecf2-ca77-4916-8d3c-cf05b5ce9104,DELIVERYCONFIRMED,INVOICECLEARED,2011-09-09 15:10:52,C
SC1,a60c7e39-61ac-43c0-9c5b-51937c63ae4f,DELIVERYCONFIRMED,,2013-07-06 10:58:32,H
SC1,d8f04d1f-7c00-4960-b8c4-32363683dbde,DELIVERYCONFIRMED,INVOICECLEARED,2019-08-30 22:56:40,C
SC1,ac3e5f65-7e98-4e7c-8132-9d00786a06c4,SALESORDERCREATED,,2019-05-08 01:36:47,C
SC1,9d742fb7-50b0-4af8-9b4d-1ee477c72005,DELIVERYRELEASED,,2015-02-14 01:23:37,h
SC1,f538f84e-13f0-4255-ae05-ce507c5ce407,DELIVERYCONFIRMED,INVOICECLEARED,2017-04-26 15:37:12,C
SC1,43167688-c3fe-4d83-b19f-2b3264408389,DELIVERYCONFIRMED,INVOICECLEARED,2013-03-02 01:05:02,C
SC1,0bdd27fe-31e2-4111-9bac-b5385cfbed96,DELIVERYCONFIRMED,INVOICECLEARED,2011-04-09 10:30:26,C
SC1,fa1e64a3-2fd1-417e-b615-21e22ff76cb3,DELIVERYCONFIRMED,INVOICECLEARED,2011-06-21 15:21:01,C
SC1,017169e0-7490-4e22-96d6-dca4b1d2b2f0,DELIVERYCONFIRMED,INVOICECLEARED,2018-09-20 20:51:10,C
SC1,8043def8-a387-4762-a042-51a31c180e7c,DELIVERYCONFIRMED,INVOICECLEARED,2012-05-14 21:53:57,C
SC1,be8dbe01-c9e8-42d5-b7e0-28a96b4754b7,DELIVERYRELEASED,,2014-07-31 00:52:38,H
SC1,006c22a6-dff3-499c-8e81-ed97740e9559,DELIVERYCONFIRMED,INVOICECLEARED,2010-11-15 12:21:13,C
SC1,49a86b94-e6f6-48db-9e6e-7b64fefc4132,DELIVERYCONFIRMED,,2010-11-21 04:34:37,H
SC1,efde3f32-38e3-4e61-b0e8-c5a99e8e7d4c,DELIVERYCONFIRMED,,2011-05-22 02:15:08,H
SC1,0541810e-ce46-44e6-986b-fb081a3c6c38,DELIVERYCONFIRMED,INVOICECLEARED,2011-04-06 00:16:44,C
SC1,60679451-3696-468f-ba0f-db8db506a059,DELIVERYCONFIRMED,INVOICECLEARED,2015-10-06 03:51:58,C
SC1,441f983d-1a1f-4ba1-af8a-7b51657ad7d2,DELIVERYCONFIRMED,INVOICECLEARED,2018-04-29 07:58:16,C
SC1,d1da3c9d-9c5c-4f9b-b9e1-85ab75c4f688,SALESORDERCREATED,,2013-04-19 01:52:03,C
SC1,b2aea20a-f88e-45d6-84ae-d7979ae5cd29,DELIVERYCONFIRMED,INVOICECLEARED,2014-08-27 21:19:01,C
SC1,15efd46e-da2d-4f62-b2fd-0df0df10861e,DELIVERYCONFIRMED,INVOICECLEARED,2016-01-01 06:10:58,C
SC1,dbd2ec99-abc6-4ceb-81dd-c33a86eae684,DELIVERYCONFIRMED,INVOICECLEARED,2013-02-02 09:02:26,C
SC1,a51df762-93cc-4919-a88a-65f6dad83aa5,DELIVERYCONFIRMED,,2017-10-08 07:40:04,H
SC1,0a7f0daa-3e89-4f59-ab25-4bc4734e0b63,DELIVERYCONFIRMED,INVOICECLEARED,2010-07-22 20:27:03,C
SC1,7d5026f9-9290-48e1-9015-b7a244366ec5,DELIVERYCONFIRMED,INVOICECLEARED,2014-07-20 16:59:28,C
SC1,47331a3d-8969-4098-a285-619cd5a5caeb,DELIVERYCONFIRMED,INVOICECLEARED,2014-06-16 00:41:21,C
SC1,4bb46084-2f69-47ed-aab5-9a9dcd7ce215,SALESORDERCREATED,,2012-07-02 02:16:20,C
SC1,3a24f5e9-9ac9-454b-9c54-fae931b487e4,DELIVERYCONFIRMED,,2012-05-13 07:06:55,C
SC1,9675d3d7-fffa-4246-8484-d39fda3ebbf1,DELIVERYCONFIRMED,INVOICECLEARED,2011-12-08 22:35:11,C
SC1,400d3d39-eadd-4094-a972-5bda7f1b5981,DELIVERYCONFIRMED,INVOICECLEARED,2011-08-31 05:21:33,C
SC1,7cef277d-9f1b-4605-9083-0f50ac921e14,DELIVERYCONFIRMED,INVOICECLEARED,2015-07-26 01:52:01,C
SC1,fc0a1f6c-2a67-40d5-8311-a540e332e5e7,DELIVERYCONFIRMED,INVOICECLEARED,2019-01-22 19:56:05,C
SC1,2ab1af54-b53c-4953-b596-efa595f02c8f,DELIVERYRELEASED,,2010-03-30 14:16:37,h
SC1,fc951ae1-23c3-41cd-8a41-b810ec288786,DELIVERYRELEASED,,2013-09-06 13:34:59,h
SC1,86bec004-0494-4bed-9dc1-069eb77fce4c,DELIVERYCONFIRMED,INVOICECLEARED,2013-10-02 04:25:05,C
SC1,9ca33006-0b4c-42c9-bd63-c63f22e0f77f,DELIVERYCONFIRMED,INVOICECLEARED,2014-04-04 08:28:54,C
SC1,e134789d-b503-470f-82a9-db822e1a00c8,DELIVERYCONFIRMED,INVOICECLEARED,2013-01-30 15:00:29,C
SC1,6a0b187e-531f-4e3a-8bd7-d6d624ac51f9,DELIVERYCONFIRMED,INVOICECLEARED,2019-11-30 14:55:54,C
SC1,e55f17c6-2a0c-455c-a46e-f9cb332d4eec,DELIVERYRELEASED,,2019-07-20 20:52:05,H
SC1,cc5390c3-b390-4eed-930d-5d7459dcb83a,DELIVERYCONFIRMED,INVOICECLEARED,2014-01-09 04:02:04,C
SC1,11cae23d-b3f8-4487-8b3e-c8be2a449105,DELIVERYRELEASED,,2013-08-25 15:40:25,H
SC1,a54f6e4d-20da-479c-af9a-76d3793d038d,DELIVERYCONFIRMED,INVOICECLEARED,2015-01-10 00:37:59,C
SC1,bfba9a96-92cb-4f32-a04e-349e99e30a90,DELIVERYRELEASED,,2016-05-24 19:21:23,h
SC1,5fac1a94-0356-4f5e-b4be-8dfc9ccced99,DELIVERYCONFIRMED,INVOICECLEARED,2013-05-20 10:48:43,C
SC1,20d6e9a6-717f-4a18-a7e1-2fefc9446738,DELIVERYRELEASED,,2012-04-02 22:54:30,h
SC1,fea5b19c-dbf5-4bd0-912f-f6c37fede57d,DELIVERYCONFIRMED,INVOICECLEARED,2020-08-08 01:21:13,C
SC1,1f3c42b3-c3ef-48e7-a678-a6639fb1e3e8,DELIVERYCONFIRMED,INVOICECLEARED,2016-07-03 16:44:28,C
SC1,e9989b11-8638-4d43-9f35-4bb5e2f4ce14,DELIVERYCONFIRMED,INVOICECLEARED,2019-12-02 03:19:44,C
SC1,e6e9b85c-e94d-42f6-aeb7-59357fc8c477,DELIVERYCONFIRMED,INVOICECLEARED,2016-04-03 16:28:03,C
SC1,2bf09f19-bfb1-4e3b-b185-37afdff1b2ed,DELIVERYCONFIRMED,INVOICECLEARED,2011-03-11 00:22:31,C
SC1,ac11c8bb-048d-411d-bcb2-0bcc6bd31b19,DELIVERYCONFIRMED,INVOICECLEARED,2011-10-08 07:31:11,C
SC1,9250371c-fd9e-440a-8c4a-c48f078195d4,DELIVERYCONFIRMED,INVOICECLEARED,2015-06-25 17:53:09,C
SC1,f713330f-7f81-4d95-9a9f-bae2d7224ccd,DELIVERYRELEASED,,2010-12-05 14:14:54,h
SC1,d52f1c3b-2e81-4b59-b6d3-fbaa8ce9fb5e,DELIVERYRELEASED,,2017-04-23 19:26:12,H
SC1,6585a36f-524f-4468-9ebd-9bdd190837a1,DELIVERYCONFIRMED,,2018-05-11 15:24:27,H
SC1,1c9f8e41-fd2e-4bfe-85d5-c53a509851e2,DELIVERYCONFIRMED,INVOICECLEARED,2012-09-08 12:24:41,C
SC1,f4ef4914-c0ef-42cc-af63-714749a4f901,DELIVERYCONFIRMED,INVOICECLEARED,2010-08-31 05:20:19,C
SC1,8b1646e8-a719-4d8d-b8a6-ffa571f6adf4,DELIVERYCONFIRMED,INVOICECLEARED,2013-11-25 18:07:49,C
SC1,09998658-9b26-433e-9b73-888f824fb0ee,DELIVERYCONFIRMED,INVOICECLEARED,2013-03-29 09:58:49,C
SC1,540ae290-da9d-42f7-963c-2c6b13a58b95,DELIVERYCONFIRMED,INVOICECLEARED,2015-04-25 18:35:28,C
SC1,42e3427f-0f38-4fa9-aaa0-447e1cbc7d34,DELIVERYCONFIRMED,INVOICECLEARED,2018-09-23 20:06:42,C
SC1,288c0ad3-7190-4074-9740-9b7dfa6ab659,DELIVERYCONFIRMED,,2015-06-06 22:09:40,H
SC1,c721d9c1-f339-456e-89dd-c6ba462cba3f,DELIVERYCONFIRMED,INVOICECLEARED,2011-03-02 09:22:19,C
SC1,e93a2439-58b1-4137-bb3e-4c07d0f52664,DELIVERYCONFIRMED,INVOICECLEARED,2013-12-25 05:21:08,C
SC1,74ade496-fd1e-4719-bb21-dd5309521138,DELIVERYCONFIRMED,,2015-10-12 11:09:53,C
SC1,0494d418-19ef-422c-9085-1b812fd4d8db,DELIVERYCONFIRMED,INVOICECLEARED,2011-06-24 16:08:47,C
SC1,341f7890-dc43-4dd1-880f-9f30bd46a15d,DELIVERYRELEASED,,2010-06-13 22:35:58,h
SC1,728dbc19-bee8-419c-a2ea-793f9382f492,DELIVERYCONFIRMED,INVOICECLEARED,2010-04-29 23:32:14,C
SC1,f3c249f7-e666-41bd-bd92-25b9a5a6e2c5,DELIVERYCONFIRMED,INVOICECLEARED,2016-04-02 15:49:58,C
SC1,29abf6f9-7e06-4897-a61d-95a9f206b306,DELIVERYCONFIRMED,INVOICECLEARED,2014-04-24 21:04:22,C
SC1,576b517d-c04e-4aae-9e54-d34da126842d,SALESORDERCREATED,,2013-05-28 07:02:06,C
SC1,b175d060-5ad8-4de2-a21f-5759c8440f7e,DELIVERYCONFIRMED,INVOICECLEARED,2011-07-04 22:46:20,C
SC1,edffd162-ad4b-4fde-b925-b541bad3e121,DELIVERYCONFIRMED,INVOICECLEARED,2010-07-28 16:41:13,C
SC1,97c8f008-089f-478c-9027-ab84488afce3,DELIVERYCONFIRMED,INVOICECLEARED,2011-10-07 17:10:12,C
SC1,9b1ce1d7-d559-45ce-83b3-388ab94dd8bc,DELIVERYCONFIRMED,INVOICECLEARED,2013-08-29 15:14:22,C
SC1,b8db82b5-f95f-4aba-85d7-f89d06a8228c,DELIVERYCONFIRMED,,2013-12-27 15:44:40,C
SC1,81a40e9b-de71-48de-b54d-423b058a3ef6,DELIVERYCONFIRMED,INVOICECLEARED,2017-10-05 00:02:52,C
SC1,a6489d1b-282e-4518-a4a6-6ca91ecba896,DELIVERYCONFIRMED,INVOICECLEARED,2014-10-01 11:44:46,C
SC1,cc596107-228a-499b-9833-c6650ceb6f02,DELIVERYCONFIRMED,INVOICECLEARED,2016-01-23 20:00:27,C
SC1,a904205c-0d85-4b88-b91d-d39b84424596,DELIVERYCONFIRMED,INVOICECLEARED,2019-05-26 16:19:52,C
SC1,7dc9840b-f42a-45e8-9ec7-0c03d69918b1,DELIVERYCONFIRMED,INVOICECLEARED,2015-07-23 04:24:15,C
SC1,fc79064f-03f3-4b03-adce-a0cd0e76afa8,DELIVERYCONFIRMED,INVOICECLEARED,2011-02-04 15:22:45,C
SC1,2340c7a7-c4a6-429c-9173-988ca23fe6a7,DELIVERYCONFIRMED,INVOICECLEARED,2012-05-03 23:18:50,C
SC1,a504ba55-8656-4b49-9158-c0899576c47b,DELIVERYCONFIRMED,INVOICECLEARED,2011-04-11 01:59:21,C
SC1,0b837470-3ed8-4c40-8a5e-5987a84f069b,SALESORDERCREATED,,2019-05-06 10:29:02,C
SC1,c2005d58-bdba-48dc-9cb6-ca1942932f1d,SALESORDERCREATED,,2011-12-31 10:58:16,C
SC1,85782147-a477-4559-a4e1-a004e0594d54,DELIVERYCONFIRMED,INVOICECLEARED,2010-07-06 16:31:48,C
SC1,bc2bcb70-8f31-4556-9838-c067417b106c,DELIVERYCONFIRMED,INVOICECLEARED,2015-06-12 16:46:50,C
SC1,68a6a96e-df21-491d-afc9-3273ac6f715b,DELIVERYCONFIRMED,INVOICECLEARED,2020-05-01 17:41:19,C
SC1,69fb17fe-3bab-4460-b935-d1cbd8b80524,DELIVERYCONFIRMED,INVOICECLEARED,2015-11-16 23:29:17,C
SC1,73d23300-ada3-4a97-aac9-51ce4ae680f5,DELIVERYCONFIRMED,INVOICECLEARED,2012-10-03 08:40:44,C
SC1,73dad40c-b6aa-4158-89e4-b5a7b4e75f9d,DELIVERYCONFIRMED,INVOICECLEARED,2010-04-12 11:47:37,C
SC1,657dba5d-d692-4efc-8662-f4ce812135ce,DELIVERYRELEASED,,2017-02-09 14:58:58,h
SC1,d5d77260-7394-4caa-9081-5348e1a58715,DELIVERYCONFIRMED,INVOICECLEARED,2020-04-01 15:03:34,C
SC1,5e0d7d99-f6e8-4d8b-9711-68498d27a395,DELIVERYCONFIRMED,INVOICECLEARED,2014-03-27 13:05:12,C
SC1,3d7f4cae-b3bf-473f-bff6-a90b6fc98529,DELIVERYCONFIRMED,INVOICECLEARED,2009-05-28 21:25:37,C
SC1,7a7a7e2a-65e9-472d-bc8c-55736ae6790b,DELIVERYCONFIRMED,INVOICECLEARED,2013-12-25 01:36:44,C
SC1,4b8041ab-5a11-4498-885c-c57e3f1d54c5,DELIVERYCONFIRMED,INVOICECLEARED,2018-10-28 23:25:04,C
SC1,2dbeae30-bb20-4da2-ba8a-4a41052d08f3,DELIVERYCONFIRMED,INVOICECLEARED,2013-07-07 17:55:33,C
SC1,e229992f-4b65-40c6-b1af-528648994a18,DELIVERYCONFIRMED,INVOICECLEARED,2010-12-26 04:22:07,C
SC1,15e99363-1375-43af-9ea3-e13d4d328e81,DELIVERYCONFIRMED,,2013-04-04 13:23:11,C
SC1,783bcc29-e230-4c1d-9528-09db5403f8d7,SALESORDERCREATED,,2019-01-09 23:43:26,C
SC1,e136fcec-b84f-4c11-81e7-d1c1f7a13bf8,DELIVERYCONFIRMED,INVOICECLEARED,2011-08-18 19:47:58,C
SC1,f53deaac-aa57-43f9-a35c-58577100aa18,DELIVERYCONFIRMED,INVOICECLEARED,2019-09-07 21:42:39,C
SC1,d70bbf29-703e-4b7b-afa1-01f9a8168f0a,DELIVERYCONFIRMED,INVOICECLEARED,2015-03-25 12:15:45,C
SC1,9fd1c3f1-93fb-4323-b27e-2e0c00b39f2e,DELIVERYCONFIRMED,INVOICECLEARED,2017-09-21 12:45:35,C
SC1,1f05fdd3-1100-444b-b3c4-df00cbea5351,DELIVERYCONFIRMED,INVOICECLEARED,2014-07-17 17:03:22,C
SC1,478d7f5b-9a54-4348-a506-20c1f1ba1639,DELIVERYRELEASED,,2019-02-04 03:16:04,h
SC1,be59ffc7-cf68-4a7d-ada1-78810bc291fe,DELIVERYCONFIRMED,INVOICECLEARED,2010-08-05 16:58:42,C
SC1,b3818550-8522-42cc-ba6c-2285352b47e9,DELIVERYCONFIRMED,INVOICECLEARED,2020-03-29 06:13:14,C
SC1,39fa84ca-dfba-4923-b422-aa68b05be2be,DELIVERYCONFIRMED,INVOICECLEARED,2020-02-15 23:21:15,C
SC1,b4530966-df39-444d-9ddd-347d72f4c80c,DELIVERYRELEASED,,2010-04-03 15:19:15,h
SC1,dc742899-4928-49f2-8839-f6f4596eab9d,DELIVERYCONFIRMED,INVOICECLEARED,2019-06-08 17:22:44,C
SC1,fb8c4d64-40cb-4ae7-941b-9bb40fb2c989,DELIVERYCONFIRMED,INVOICECLEARED,2012-05-22 00:08:41,C
SC1,16db8e68-ff9f-41c0-8bb8-bf169b2022bb,DELIVERYCONFIRMED,,2018-10-12 20:10:05,C
SC1,d1d463f9-99e9-4e5b-9643-5ac5f3b145d6,DELIVERYCONFIRMED,INVOICECLEARED,2018-12-31 05:37:10,C
SC1,eae48116-7a0a-49b7-ada0-f68831ff5694,DELIVERYCONFIRMED,INVOICECLEARED,2017-09-17 07:24:40,C
SC1,d10b5f6b-9687-456a-a59e-1a92e4693791,DELIVERYCONFIRMED,INVOICECLEARED,2012-08-10 18:02:39,C
SC1,179028d6-8ac6-486e-a03e-5e4a169764df,DELIVERYCONFIRMED,INVOICECLEARED,2020-07-06 11:49:14,C
SC1,9c1aa096-2567-4b87-99f5-1200fb210ead,DELIVERYCONFIRMED,INVOICECLEARED,2020-03-22 00:08:01,C
SC1,04b47f2b-b764-45f6-bb7f-53ffe51e550d,DELIVERYCONFIRMED,INVOICECLEARED,2019-11-09 22:23:46,C
SC1,a2dbcc88-9ba1-4324-b97b-fba71d45919c,DELIVERYRELEASED,,2016-06-19 12:55:45,H
SC1,614e0925-a4ae-4590-a13c-fb12ed9876fe,DELIVERYCONFIRMED,INVOICECLEARED,2010-11-11 13:21:54,C
SC1,d09cd073-ba20-4de6-80bd-680732b999d6,DELIVERYCONFIRMED,,2014-07-27 22:12:09,H
SC1,aeb1e7a1-e5c8-4f65-b958-07ed17491726,DELIVERYCONFIRMED,INVOICECLEARED,2018-10-26 08:05:11,C
SC1,b8f9436e-399e-489e-841b-7be252fc53bc,DELIVERYCONFIRMED,INVOICECLEARED,2010-09-21 22:40:08,C
SC1,e4bc5ac0-ee75-4886-8fd0-9101568d923d,DELIVERYCONFIRMED,INVOICECLEARED,2012-03-01 11:37:02,C
SC1,cebc6745-2a34-41c2-b558-87613f761501,DELIVERYCONFIRMED,INVOICECLEARED,2013-07-10 09:21:59,C
SC1,9c9bacfa-dd16-4840-9396-d91d22039ed9,DELIVERYCONFIRMED,INVOICECLEARED,2018-05-19 05:57:00,C
SC1,03dae987-09ba-49df-ab4a-75bbe70f7726,DELIVERYCONFIRMED,INVOICECLEARED,2015-07-14 14:40:43,C
SC1,121e8681-78f6-44a3-a696-ac6f0ce57560,DELIVERYCONFIRMED,INVOICECLEARED,2014-12-13 20:08:03,C
SC1,f66f6687-1501-4674-a37b-00d250f82e7b,SALESORDERCREATED,,2017-05-01 16:23:11,C
SC1,e1c385cc-8dd2-4e30-b8cb-52769f1a622c,DELIVERYCONFIRMED,INVOICECLEARED,2017-05-21 04:39:06,C
SC1,e9ad1561-e877-4de2-82fd-ce197c9f73c4,DELIVERYCONFIRMED,,2010-03-13 08:40:26,H
SC1,af6ce4f8-815f-4908-b460-e85c5428b537,DELIVERYCONFIRMED,INVOICECLEARED,2018-03-22 05:13:03,C
SC1,98487d76-12db-481b-90fe-81acaa497512,DELIVERYCONFIRMED,INVOICECLEARED,2013-12-06 21:38:22,C
SC1,ece0ef80-e205-4645-86f4-83729fc1dda0,DELIVERYCONFIRMED,INVOICECLEARED,2016-10-12 14:39:30,C
SC1,f3b88b63-2841-4886-8af4-f2ab357a0c0c,DELIVERYCONFIRMED,INVOICECLEARED,2014-04-09 00:40:33,C
SC1,242ca155-cb6f-4f3e-a5f9-01ccf051ddff,DELIVERYCONFIRMED,,2010-11-07 13:15:30,H
SC1,8a725363-fbcb-4e69-85d6-f908ad5b3f3f,DELIVERYCONFIRMED,INVOICECLEARED,2018-06-02 08:22:47,C
SC1,c4fb9d87-099e-4119-a129-1d5d51f7c0d3,DELIVERYCONFIRMED,INVOICECLEARED,2015-02-11 12:40:58,C
SC1,331ab564-5ae6-4c19-adbb-61ab2770e5da,DELIVERYCONFIRMED,,2011-08-30 18:44:47,H
SC1,0ed63dcc-604e-4b9b-a54e-b52e22ae917e,DELIVERYCONFIRMED,INVOICECLEARED,2015-06-11 15:56:39,C
SC1,7bb6b0e5-7b32-4fde-97a2-d2d4299e965f,DELIVERYCONFIRMED,INVOICECLEARED,2020-07-04 17:32:41,C
SC1,b2bd3fe0-7495-43f4-9385-d699aa195270,DELIVERYCONFIRMED,INVOICECLEARED,2017-02-06 15:16:55,C
SC1,1909703b-6cb3-471f-adaa-3a123b9ba1a5,DELIVERYCONFIRMED,INVOICECLEARED,2015-08-07 22:43:39,C
SC1,09493264-d2e3-4a42-aea8-a8b71906c39b,DELIVERYCONFIRMED,INVOICECLEARED,2015-05-26 08:10:33,C
SC1,887ddc00-68de-4d13-8dde-6e60cab63277,DELIVERYCONFIRMED,INVOICECLEARED,2018-04-15 01:53:59,C
SC1,ff28e3d1-4d62-449a-a1d8-d90e41b98b82,DELIVERYCONFIRMED,INVOICECLEARED,2013-12-04 19:24:20,C
SC1,4c10a44e-ea03-445e-b8a9-54051266b042,DELIVERYCONFIRMED,INVOICECLEARED,2012-05-16 07:09:31,C
SC1,7f1002ef-87a4-4b26-81b8-4bee67a16b28,DELIVERYRELEASED,,2013-09-01 21:51:24,H
SC1,6c6d9144-799d-4b85-af5a-32bc7495d5d1,DELIVERYCONFIRMED,INVOICECLEARED,2011-01-19 03:36:31,C
SC1,9c20cb60-8dc8-4d60-90b0-b130b214e48d,DELIVERYCONFIRMED,INVOICECLEARED,2012-05-24 19:49:49,C
SC1,b703d2d3-5592-434b-85df-f9f3c83aadb8,DELIVERYCONFIRMED,INVOICECLEARED,2015-09-07 20:09:18,C
SC1,b4099d41-b549-4547-81b7-cdd002152fa2,DELIVERYCONFIRMED,INVOICECLEARED,2012-03-29 17:48:07,C
SC1,6268b82c-0ee0-4e0e-82e3-cdd6edac8e6e,DELIVERYCONFIRMED,INVOICECLEARED,2018-01-24 13:18:21,C
SC1,265340e7-a106-432c-8cc6-3e84a1bc30b6,DELIVERYCONFIRMED,INVOICECLEARED,2014-11-15 09:43:55,C
SC1,1e2718f9-c468-48df-a641-cbd3aeb332d8,DELIVERYCONFIRMED,INVOICECLEARED,2014-04-21 06:26:24,C
SC1,4c723bb8-d3b7-4059-ac33-8e342d61ce57,DELIVERYCONFIRMED,INVOICECLEARED,2017-10-08 22:58:28,C
SC1,fe3ff5bf-a71f-4b55-8c56-df3f326044a7,DELIVERYCONFIRMED,INVOICECLEARED,2011-03-22 14:35:12,C
SC1,1f2a0a2f-a701-4446-910f-9ed56bc21d9b,DELIVERYCONFIRMED,INVOICECLEARED,2016-06-16 12:48:15,C
SC1,9fb1c0dc-6b59-4fa3-bc2b-2051cf1de62b,DELIVERYCONFIRMED,INVOICECLEARED,2013-04-07 18:33:03,C
SC1,c430686e-68ac-44a5-9c5b-da78879e8803,DELIVERYRELEASED,,2016-04-22 11:55:23,h
SC1,67fa2a98-c98a-48da-b32f-346e52c7d0eb,DELIVERYRELEASED,,2016-03-15 08:31:13,h
SC1,d2759c56-cb20-45c7-8485-758f3d5080cf,DELIVERYCONFIRMED,INVOICECLEARED,2016-09-13 12:02:10,C
SC1,0025a1cb-68d5-4125-af27-5c306aca1937,DELIVERYCONFIRMED,INVOICECLEARED,2010-09-13 23:26:29,C
SC1,eac846d7-1f27-47a9-833d-2151a9c09db4,DELIVERYCONFIRMED,INVOICECLEARED,2013-01-28 16:09:09,C
SC1,35c4cc56-38a7-48cb-ad63-d629c203483e,DELIVERYCONFIRMED,INVOICECLEARED,2014-04-23 01:35:50,C
SC1,4ca61e37-9a84-4f25-babd-18ea054c53bf,DELIVERYCONFIRMED,INVOICECLEARED,2015-06-27 23:16:28,C
SC1,c6943655-f8ee-47b2-bf8e-302e27e8b721,DELIVERYCONFIRMED,INVOICECLEARED,2020-06-12 16:23:06,C
SC1,b2a95c99-c746-47b9-9499-0dd1580421dc,DELIVERYCONFIRMED,INVOICECLEARED,2012-11-14 14:12:58,C
SC1,288de4c0-e0c0-4d8d-ae24-26be376bd11b,DELIVERYCONFIRMED,INVOICECLEARED,2011-09-08 00:06:34,C
SC1,593ace1b-11be-4075-a455-250906bfa743,DELIVERYCONFIRMED,INVOICECLEARED,2019-04-01 17:15:59,C
SC1,096c762a-bce7-4836-b1e4-5a720a32d2a7,DELIVERYCONFIRMED,INVOICECLEARED,2013-05-18 21:26:34,C
SC1,d0c1ecfa-f50a-4ec4-a0a3-632980e9f00c,DELIVERYRELEASED,,2010-03-18 07:08:01,h
SC1,d081fa24-dc70-4ab2-be28-9232002e7243,DELIVERYRELEASED,,2013-05-30 23:31:27,H
SC1,598c38e9-2f3a-4c75-a20c-00d0b3f5a7f3,DELIVERYCONFIRMED,INVOICECLEARED,2018-04-30 01:47:06,C
SC1,b4032ec9-52af-4645-a4e7-137034454219,DELIVERYCONFIRMED,INVOICECLEARED,2011-07-07 21:16:22,C
SC1,302bcf29-d00d-4177-8062-0660f9aace2f,DELIVERYCONFIRMED,,2014-05-14 15:13:21,C
SC1,586a08e7-4042-40e4-9c2b-cbf42992b518,DELIVERYCONFIRMED,,2012-12-27 13:05:20,H
SC1,cf8bbeeb-7d01-493b-b7ba-2130c3886894,DELIVERYCONFIRMED,INVOICECLEARED,2019-01-05 08:27:57,C
SC1,cc31def4-21d8-4353-b293-6e3f57437cef,DELIVERYCONFIRMED,INVOICECLEARED,2018-01-29 16:16:55,C
SC1,a5fc9565-f478-45e1-acca-062f8ac46ced,DELIVERYCONFIRMED,INVOICECLEARED,2010-08-05 11:41:07,C
SC1,59cf05ec-5ec9-4441-b2f4-e6377d87f768,DELIVERYCONFIRMED,,2011-02-10 22:21:15,C
SC1,3feafbc7-5b4e-4bf2-aa65-382c2db36c22,DELIVERYCONFIRMED,,2017-03-23 19:17:40,H
SC1,313a6899-e5fd-424d-a5e4-8f3847639e7b,DELIVERYCONFIRMED,INVOICECLEARED,2018-08-10 09:41:49,C
SC1,ca0ef260-13aa-4989-8206-bbadb7812887,DELIVERYCONFIRMED,INVOICECLEARED,2020-08-31 10:33:54,C
SC1,f5565d91-3161-44d6-928a-43d1f2725114,DELIVERYCONFIRMED,INVOICECLEARED,2017-07-26 23:06:58,C
SC1,92d4cfcc-3fb9-4419-a250-63647a6f1a60,DELIVERYCONFIRMED,INVOICECLEARED,2012-11-24 13:43:31,C
SC1,f8e0ac65-b477-4547-ba35-68c8fbf6ffba,DELIVERYCONFIRMED,INVOICECLEARED,2012-02-08 12:40:54,C
SC1,9d8f4bb7-c178-43b8-965c-c3a04b939b49,DELIVERYCONFIRMED,INVOICECLEARED,2017-05-20 01:49:54,C
SC1,205fa6a8-acc6-44d4-981f-b6dd25483f04,DELIVERYCONFIRMED,INVOICECLEARED,2018-10-20 08:53:03,C
SC1,36546e96-33ae-499d-a20e-d3091b965442,DELIVERYCONFIRMED,INVOICECLEARED,2015-09-10 21:25:05,C
SC1,b7e08ad2-df24-487b-90c0-4aeade74228e,DELIVERYCONFIRMED,INVOICECLEARED,2011-12-07 10:45:22,C
SC1,e5eeffa3-0504-48f5-9ac1-52ced80d478f,DELIVERYCONFIRMED,INVOICECLEARED,2015-01-15 04:21:17,C
SC1,7b2b0956-f225-485b-a252-35e0e75f1686,DELIVERYCONFIRMED,INVOICECLEARED,2017-10-06 22:24:30,C
SC1,5d04665f-5c97-40fe-bf1b-b331e407a3c9,DELIVERYCONFIRMED,,2017-01-04 00:33:22,H
SC1,3e2c428e-dd6e-44be-b1b1-262fe9cdd6d0,DELIVERYCONFIRMED,INVOICECLEARED,2010-08-29 09:25:22,C
SC1,efe333ff-8faf-4cb9-a429-bb9fe657faff,DELIVERYCONFIRMED,INVOICECLEARED,2012-04-17 17:58:27,C
SC1,90f3dc61-72ce-482e-87f4-96e69018135f,DELIVERYCONFIRMED,INVOICECLEARED,2019-02-06 06:57:47,C
SC1,e4c7b7b0-4d70-4269-b929-c4d6efc9ed16,DELIVERYCONFIRMED,,2015-08-30 16:59:30,H
SC1,3537b40b-684b-4a23-9834-38c458809854,DELIVERYRELEASED,,2014-09-04 08:21:24,h
SC1,a5a36a11-c288-4933-8923-73a46d77771b,DELIVERYCONFIRMED,,2010-06-02 12:41:55,C
SC1,cfd30fd8-d675-4bdb-86b5-fa4913ed5127,DELIVERYCONFIRMED,INVOICECLEARED,2020-03-22 14:21:29,C
SC1,601cd53c-d3d8-49ce-9425-8cc568c43f68,DELIVERYRELEASED,,2019-05-03 23:31:19,h
SC1,6162cfa5-492f-4bdc-8fc2-4942da7634b9,DELIVERYCONFIRMED,INVOICECLEARED,2020-05-03 00:25:35,C
SC1,36209111-f553-4930-8fac-614903ec9dfe,DELIVERYCONFIRMED,INVOICECLEARED,2010-02-14 23:28:11,C
SC1,e24568db-36f7-4d95-a230-190e186e7374,DELIVERYRELEASED,,2017-10-20 23:42:48,H
SC1,c7c93758-1441-414f-b58a-890823784f5c,DELIVERYCONFIRMED,INVOICECLEARED,2016-11-18 14:27:39,C
SC1,148a8c8c-ab4b-4e78-a9ef-552f4b6cb3c1,DELIVERYCONFIRMED,INVOICECLEARED,2015-07-17 13:16:19,C
SC1,2e4dcec2-7f40-4a11-89d3-da2e81be8824,DELIVERYCONFIRMED,INVOICECLEARED,2016-11-10 17:29:59,C
SC1,aa3eba0e-9ac4-4c3c-bb23-2c82712c9cbe,DELIVERYCONFIRMED,INVOICECLEARED,2014-09-25 02:23:24,C
SC1,60827af4-939a-4613-b646-6c7c1d8928dc,DELIVERYCONFIRMED,INVOICECLEARED,2013-01-07 20:44:28,C
SC1,a9513fef-8bbb-435e-b4b1-86ccfc9c702f,DELIVERYCONFIRMED,INVOICECLEARED,2013-09-01 10:27:06,C
SC1,53f938a3-9349-4b32-af7f-b99656fb86a8,DELIVERYCONFIRMED,,2015-07-20 17:26:11,H
SC1,0b8ab329-01df-4f08-866d-72aa5a9f6b42,DELIVERYCONFIRMED,INVOICECLEARED,2017-03-13 19:17:16,C
SC1,8427daaf-3276-4431-83ee-bface8127c89,DELIVERYCONFIRMED,INVOICECLEARED,2019-06-26 02:42:47,C
SC1,5ee019b7-e2dd-4066-bee5-f3bd7a3a12bb,DELIVERYRELEASED,,2012-09-30 21:41:56,h
SC1,99f142de-f79a-430f-b7c4-0e1d77db8e64,DELIVERYCONFIRMED,INVOICECLEARED,2020-06-12 08:52:03,C
SC1,56ece288-af54-491a-a114-c73742435271,DELIVERYCONFIRMED,INVOICECLEARED,2014-08-14 08:26:02,C
SC1,47ddebd6-7d59-4930-8d4f-042f8ebe5827,DELIVERYCONFIRMED,INVOICECLEARED,2016-08-11 12:13:09,C
SC1,e646d301-78b8-43cc-b1c9-0437daa6d1d7,DELIVERYCONFIRMED,INVOICECLEARED,2012-01-17 22:56:19,C
SC1,86ab4680-514c-4261-a8ab-a53487cde147,DELIVERYCONFIRMED,INVOICECLEARED,2019-10-09 03:07:01,C
SC1,1634917b-481b-491b-96ba-a5da0ada211b,DELIVERYCONFIRMED,,2013-06-30 18:23:09,C
SC1,89b4e14c-09bf-4151-bdc3-aadebd5e60e7,DELIVERYCONFIRMED,INVOICECLEARED,2015-09-24 12:37:01,C
SC1,a76d162e-8802-4220-8da6-0fa4dfd6fb05,SALESORDERCREATED,,2013-05-01 12:12:19,C
SC1,c9318886-c0e5-40d2-b72b-04262501b16d,DELIVERYCONFIRMED,INVOICECLEARED,2016-02-02 00:06:30,C
SC1,8ba8d54f-40d2-44d3-82a0-5012b7e6d417,DELIVERYCONFIRMED,INVOICECLEARED,2019-03-16 14:17:38,C
SC1,9b71e70f-7392-4361-8544-fca1cdd323a4,DELIVERYCONFIRMED,INVOICECLEARED,2017-01-13 01:06:10,C
SC1,21bb2498-bcdf-46aa-b150-a98cb9b72c60,DELIVERYCONFIRMED,INVOICECLEARED,2020-06-17 00:10:46,C
SC1,1cc0dae1-c432-4fc6-a82f-6f7c0954a7e2,DELIVERYCONFIRMED,INVOICECLEARED,2014-07-11 18:09:09,C
SC1,3c49a383-6a0d-42d0-b420-648f7d5433b3,DELIVERYCONFIRMED,INVOICECLEARED,2016-07-05 08:24:10,C
SC1,ee9da657-38df-4da1-b1a1-ca3798638e90,DELIVERYCONFIRMED,INVOICECLEARED,2016-12-13 18:56:58,C
SC1,47e20fb0-7b74-4527-aa53-49a283d709a9,DELIVERYRELEASED,,2019-08-15 00:48:20,h
SC1,e509426d-56a3-4766-ad88-4fa61da61843,DELIVERYCONFIRMED,INVOICECLEARED,2016-04-08 08:38:34,C
SC1,224af027-3ea8-455e-abc5-70e7ed8d8c9c,DELIVERYCONFIRMED,INVOICECLEARED,2020-11-07 05:28:10,C
SC1,0e1a3aa3-2b71-4b1a-9821-c837c62de155,DELIVERYRELEASED,,2017-03-02 06:53:08,h
SC1,a924591a-676c-4ac9-af6f-9ac0c60174e8,DELIVERYCONFIRMED,INVOICECLEARED,2017-04-12 16:04:50,C
SC1,e1cb5cda-d961-43f9-821e-d17cca6d9ce9,DELIVERYCONFIRMED,INVOICECLEARED,2015-11-06 20:03:19,C
SC1,a859cc49-d576-4d68-868c-6b393c01eedd,DELIVERYCONFIRMED,INVOICECLEARED,2011-11-29 07:43:05,C
SC1,20bbc4d3-0928-42e3-83a5-74c2a4b9e6a2,DELIVERYCONFIRMED,INVOICECLEARED,2015-05-29 06:16:35,C
SC1,e8e325b2-c530-43f0-989e-435d20f45e9e,DELIVERYRELEASED,,2010-02-25 19:05:25,h
SC1,da1919df-f3de-48b8-8519-db312a6b94fd,DELIVERYCONFIRMED,,2010-12-08 23:11:09,H
SC1,c4ad204f-7cb0-4f61-b888-cab9d9ec3f0c,DELIVERYCONFIRMED,INVOICECLEARED,2017-09-29 07:27:17,C
SC1,09f2d2f0-cb9d-4783-af95-1e43714428a4,DELIVERYCONFIRMED,INVOICECLEARED,2020-04-04 08:24:59,C
SC1,c0a0137b-6db6-4f05-a74a-f88a21d3b782,DELIVERYCONFIRMED,,2016-11-16 06:10:37,H
SC1,7503077b-1849-4198-bf8c-9ef1cc9606ca,DELIVERYCONFIRMED,,2013-01-09 20:59:51,H
SC1,e777082a-1274-4123-8e2d-fe6d388c9db2,DELIVERYCONFIRMED,INVOICECLEARED,2020-04-16 22:30:47,C
SC1,22371c71-3a27-46a1-983d-52ba7648e13c,DELIVERYCONFIRMED,,2010-04-24 20:10:13,H
SC1,cc036b10-aa2d-4b81-bbd7-e702473e448c,DELIVERYCONFIRMED,INVOICECLEARED,2015-02-25 17:44:59,C
SC1,d69b069b-5e38-4d8d-9a39-5e722cbb4aa7,DELIVERYCONFIRMED,INVOICECLEARED,2011-04-14 13:44:14,C
SC1,a2e27661-cd98-44f6-a866-ed6fc98e7938,DELIVERYCONFIRMED,INVOICECLEARED,2010-05-10 23:06:21,C
SC1,81bcad18-53cc-4a5a-b0e3-d76426c9fe7c,DELIVERYCONFIRMED,INVOICECLEARED,2014-11-24 11:42:18,C
SC1,3111ce4f-c2e3-4603-a29b-bbf7067ec6e5,DELIVERYCONFIRMED,INVOICECLEARED,2018-12-07 20:28:44,C
SC1,8ed5a309-3f0a-47d8-9ea4-a06a3cacce2d,DELIVERYCONFIRMED,INVOICECLEARED,2012-11-30 20:33:05,C
SC1,f05fa9ce-2fbb-497a-b47e-4ac326829566,DELIVERYCONFIRMED,,2013-04-30 10:22:07,C
SC1,c42f6d27-0960-4216-a3ce-89bde82bdfa5,DELIVERYCONFIRMED,INVOICECLEARED,2019-06-09 16:58:57,C
SC1,171f1bca-ee15-47ba-921b-2e10ec7e5522,DELIVERYCONFIRMED,INVOICECLEARED,2013-12-06 13:53:33,C
SC1,950fe010-cb23-4378-880f-e997e09e2f62,DELIVERYCONFIRMED,INVOICECLEARED,2015-07-25 23:21:32,C
SC1,10335082-ea48-44b2-9fe8-84f810a48299,DELIVERYRELEASED,,2019-11-07 13:51:50,H
SC1,31a44b2f-d334-4dad-8c99-7db5be78e2ec,DELIVERYCONFIRMED,,2011-12-07 16:37:55,C
SC1,ca6cb980-bc90-45a2-8a46-e3784b774ac2,DELIVERYCONFIRMED,INVOICECLEARED,2011-01-03 05:26:29,C
SC1,c0ce258b-0717-468f-89f3-da18ee5e7542,DELIVERYCONFIRMED,INVOICECLEARED,2010-12-08 13:45:01,C
SC1,fc868d72-c99e-4b01-bfcd-7f38cec57ad0,DELIVERYCONFIRMED,INVOICECLEARED,2018-12-19 23:23:48,C
SC1,5ac64604-3cb4-42e1-a091-6d3cb8a38687,DELIVERYCONFIRMED,INVOICECLEARED,2018-10-04 01:46:18,C
SC1,b40c1ef4-6a79-4034-afad-681b042cf8b0,DELIVERYCONFIRMED,INVOICECLEARED,2014-09-02 16:53:15,C
SC1,50759c94-c6e0-4ab5-8b0f-578ee8d2324f,DELIVERYCONFIRMED,INVOICECLEARED,2017-07-26 06:49:30,C
SC1,b8a2eb8a-b29e-4b5a-aa10-919ce069205f,DELIVERYRELEASED,,2014-12-05 13:08:21,h
SC1,5c40fe2f-17bb-436e-bbff-0c936fe1fde1,DELIVERYCONFIRMED,INVOICECLEARED,2014-08-03 04:47:23,C
SC1,9e7f0912-b23d-4508-b46c-153814195757,DELIVERYCONFIRMED,INVOICECLEARED,2018-01-06 23:15:42,C
SC1,c2d26c07-8b42-48f5-94de-e109ff514424,DELIVERYCONFIRMED,INVOICECLEARED,2010-09-28 22:53:29,C
SC1,1a0aacc4-0c7d-4731-af09-2be40e55c988,DELIVERYCONFIRMED,INVOICECLEARED,2012-01-11 01:00:05,C
SC1,9d4509d4-6f0e-4ba1-8b6e-b6e4604736d5,DELIVERYCONFIRMED,INVOICECLEARED,2019-02-13 05:16:26,C
SC1,1eda65d6-2cf9-4eb1-ab70-8747cb21164d,DELIVERYRELEASED,,2016-09-09 10:55:04,H
SC1,177552a4-c86a-40fd-8394-9a2b48907026,DELIVERYCONFIRMED,INVOICECLEARED,2013-04-17 22:34:01,C
SC1,e17c6f2a-f89d-4397-b0de-127e79f128db,DELIVERYCONFIRMED,,2015-01-07 02:16:07,C
SC1,fd532b19-9648-4faf-90de-e2b1198c8f1c,DELIVERYCONFIRMED,INVOICECLEARED,2014-06-30 17:37:48,C
SC1,bd12e49e-8fc6-4724-89b8-3bccdf04a3c3,DELIVERYCONFIRMED,INVOICECLEARED,2018-11-27 08:39:28,C
SC1,b2bc7b90-4a2b-45a5-896d-bfb1dce5b998,DELIVERYCONFIRMED,INVOICECLEARED,2017-09-05 13:22:37,C
SC1,9e58ad74-1d95-48ed-99b7-2d88f4d4af90,DELIVERYRELEASED,,2011-10-15 22:38:42,h
SC1,08b25708-2dd8-490a-87b0-29c106e56470,DELIVERYCONFIRMED,INVOICECLEARED,2011-03-01 14:29:26,C
SC1,a8dc3be2-6e3d-4ca9-add2-88e9aeb7a786,DELIVERYCONFIRMED,INVOICECLEARED,2020-08-30 23:14:46,C
SC1,24312be8-59ef-44f9-817f-f300e4016a0f,DELIVERYCONFIRMED,INVOICECLEARED,2012-07-18 20:19:52,C
SC1,323a495d-d4bf-4de6-a957-bc6da1250d7b,DELIVERYCONFIRMED,,2011-05-02 18:19:58,H
SC1,32942d13-fdb2-4527-b496-3cd71156e466,SALESORDERCREATED,,2012-06-14 00:46:23,C
SC1,7c16b132-5afd-40bb-bc79-4bbe6191f4c8,DELIVERYCONFIRMED,,2014-02-11 06:20:21,C
SC1,13db67e2-7e79-41c8-b0a2-1e06aa86554b,DELIVERYCONFIRMED,INVOICECLEARED,2014-03-04 21:16:25,C
SC1,65e25953-5a98-44bb-8ef3-fd9d36ed13d7,DELIVERYCONFIRMED,INVOICECLEARED,2014-11-19 08:18:16,C
SC1,ded284f9-0eec-442d-835b-5aaada631f9e,DELIVERYCONFIRMED,INVOICECLEARED,2017-02-22 09:31:48,C
SC1,2e7af37f-8121-4061-a4b4-f385ec1d7159,DELIVERYCONFIRMED,INVOICECLEARED,2017-05-18 00:23:49,C
SC1,3cd26720-5d29-4f30-88ad-a5e737a94a5f,SALESORDERCREATED,,2017-12-26 03:24:18,C
SC1,52a7debf-0128-4b1e-b08f-546481f44b21,DELIVERYCONFIRMED,INVOICECLEARED,2019-10-31 22:23:32,C
SC1,a15e4b2c-dd8a-4f93-b74d-9e7f4b53fbeb,DELIVERYCONFIRMED,INVOICECLEARED,2019-07-30 18:54:29,C
SC1,f7e4e275-e540-443b-85a1-e4f1878e8a88,DELIVERYCONFIRMED,INVOICECLEARED,2012-02-24 05:01:37,C
SC1,3203f26d-b7db-4c75-a097-4ea394e92061,DELIVERYRELEASED,,2009-11-16 06:28:59,h
SC1,c5ca979d-07c3-4cc9-9bf6-c88f06f795eb,DELIVERYCONFIRMED,INVOICECLEARED,2016-05-24 15:01:01,C
SC1,b653ca2e-202a-4acc-aa0f-08a4bfb330d2,DELIVERYCONFIRMED,,2017-03-07 15:57:24,H
SC1,d696d221-55d3-416e-b079-0698bf002c84,DELIVERYCONFIRMED,INVOICECLEARED,2012-09-12 01:53:01,C
SC1,4d95b6b6-30e5-4f97-b15e-098ded3925eb,DELIVERYCONFIRMED,,2013-05-20 07:44:19,H
SC1,86225379-0510-45dd-bc49-3181eaac73e2,DELIVERYCONFIRMED,INVOICECLEARED,2011-05-13 16:39:31,C
SC1,89859a6f-2d71-4caf-99e5-947a5868975c,DELIVERYCONFIRMED,INVOICECLEARED,2012-04-14 04:22:46,C
SC1,618ae049-2cad-4d08-ab7a-f1541db6d8e1,DELIVERYCONFIRMED,INVOICECLEARED,2016-06-24 21:46:04,C
SC1,577bc250-56a0-40ad-8b06-d51196fbf484,DELIVERYCONFIRMED,INVOICECLEARED,2012-01-01 18:16:48,C
SC1,694bf6ec-7321-4adf-860d-09b01087964f,DELIVERYCONFIRMED,INVOICECLEARED,2015-01-22 21:53:11,C
SC1,0ee5f7ab-8f75-4140-a5b6-62ec4baced7a,DELIVERYCONFIRMED,INVOICECLEARED,2014-05-04 17:46:53,C
SC1,77d34e53-60d9-4cda-a42b-ed341d845212,SALESORDERCREATED,,2014-07-18 19:17:29,C
SC1,d6b04d3c-dbea-40f2-bbda-f665f9782d48,DELIVERYCONFIRMED,,2011-03-21 21:02:57,C
SC1,3c6ae2cf-bbd8-4e69-8aba-4165f20e703b,DELIVERYCONFIRMED,INVOICECLEARED,2012-03-20 09:02:02,C
SC1,20061047-d23c-4c86-89be-b0eac3c4595f,DELIVERYCONFIRMED,INVOICECLEARED,2015-07-24 18:40:23,C
SC1,27725191-c47b-49a3-b2bd-df999eb5cff3,DELIVERYCONFIRMED,INVOICECLEARED,2011-08-21 14:59:49,C
SC1,8258475a-df72-49c1-b49c-93a4a6ae4016,DELIVERYCONFIRMED,,2012-04-04 02:57:57,H
SC1,400a3438-2d15-4835-9677-9c8b33261509,DELIVERYCONFIRMED,INVOICECLEARED,2011-02-10 08:11:15,C
SC1,680b758c-39b2-4f1c-94a7-1a679c7fc11d,DELIVERYCONFIRMED,INVOICECLEARED,2019-07-31 04:15:01,C
SC1,4c38b35a-94d6-4f14-93d4-c642c4e972bf,DELIVERYCONFIRMED,INVOICECLEARED,2020-08-17 01:27:03,C
SC1,38d0627a-7c38-488f-a2d8-fc0f51843694,DELIVERYCONFIRMED,INVOICECLEARED,2015-08-01 22:07:55,C
SC1,13c7f4e0-0221-46eb-802f-d94ea6250bed,DELIVERYRELEASED,,2012-09-07 04:06:39,H
SC1,7227274b-6dd1-449e-a2c7-c975d6cd7741,DELIVERYCONFIRMED,,2019-01-17 07:22:25,H
SC1,880ae9f9-84d1-4c36-930e-fd01e41cdfab,DELIVERYCONFIRMED,INVOICECLEARED,2018-02-16 12:29:40,C
SC1,85d1e903-b987-44b8-bddd-29f3f548a0ce,SALESORDERCREATED,,2017-10-21 10:25:08,C
SC1,715fd388-e2a0-4402-8302-8be926d30bb1,DELIVERYCONFIRMED,INVOICECLEARED,2011-11-02 16:43:35,C
SC1,a7249412-9bf4-46d3-be58-87e1f47a5227,DELIVERYRELEASED,,2010-04-26 20:37:58,h
SC1,a65bf894-b7cb-4909-9dbe-b119636b60a3,DELIVERYCONFIRMED,INVOICECLEARED,2010-12-08 22:13:45,C
SC1,2b3a13ae-8b68-4c28-bad6-d378ac12777b,DELIVERYCONFIRMED,INVOICECLEARED,2014-01-07 15:45:07,C
SC1,a0430a04-7e42-41c1-8986-d2588d2e363a,DELIVERYCONFIRMED,INVOICECLEARED,2015-03-29 02:12:16,C
SC1,6d0ac8f8-0329-442d-9d0a-170a0f9af600,DELIVERYRELEASED,,2012-08-04 19:08:06,H
SC1,e5aa54e2-e5fd-4a65-a540-b8f5d1f9b4fe,DELIVERYCONFIRMED,INVOICECLEARED,2019-05-30 14:15:18,C
SC1,5fd12435-1797-45a4-8a1e-6edf2a9f515c,DELIVERYCONFIRMED,INVOICECLEARED,2015-04-11 03:18:22,C
SC1,197a1384-2e49-40d5-a380-6790795e13c2,DELIVERYCONFIRMED,,2014-07-07 07:02:24,H
SC1,3ee20a68-54ae-4392-909a-5c718f9bf4b4,DELIVERYCONFIRMED,INVOICECLEARED,2010-12-11 19:31:03,C
SC1,6a94e929-2e44-4d6f-9cfe-8838bbcda286,DELIVERYCONFIRMED,INVOICECLEARED,2017-08-22 12:16:57,C
SC1,59f6d4c2-457e-4932-8e26-4d09bb74d79e,DELIVERYCONFIRMED,INVOICECLEARED,2014-05-29 05:56:28,C
SC1,4d9dc54f-3d9a-41b3-8b7c-b8efa2d6263a,DELIVERYCONFIRMED,INVOICECLEARED,2014-03-02 11:15:26,C
SC1,4628aa00-c933-48d0-bbfb-aa4c6c77d047,SALESORDERCREATED,,2015-10-07 10:59:14,C
SC1,05eceb22-0ac7-4356-b9a6-451fc896af9f,DELIVERYCONFIRMED,,2019-07-06 05:42:45,H
SC1,9d8a18a4-6105-4ab0-987e-483af133c23a,DELIVERYCONFIRMED,,2019-10-21 20:29:53,H
SC1,9356a4a9-fb85-4dc8-9e60-5113b5d0717e,DELIVERYCONFIRMED,INVOICECLEARED,2017-11-22 12:10:12,C
SC1,89ce94f4-5683-4075-b74d-e3a6c5b18e56,DELIVERYCONFIRMED,,2015-06-21 19:27:40,H
SC1,12c9d9b3-11c4-4b77-aa97-c5b08f436c04,DELIVERYCONFIRMED,INVOICECLEARED,2016-07-16 13:34:34,C
SC1,5f5a0cb2-7102-4360-bf4e-e26126f97f09,DELIVERYCONFIRMED,INVOICECLEARED,2011-07-04 22:54:39,C
SC1,a7c685c0-9a53-4747-acbd-da43f5b284a2,DELIVERYCONFIRMED,INVOICECLEARED,2011-02-05 21:56:33,C
SC1,facee228-0324-4e95-abd2-5c81887e49a6,DELIVERYCONFIRMED,INVOICECLEARED,2014-03-14 18:20:28,C
SC1,2e67bd31-1aab-4e0b-8157-93e12ca86159,DELIVERYCONFIRMED,INVOICECLEARED,2017-03-01 09:31:49,C
SC1,716017f6-75ec-4fb6-8c5f-e007e8d2ac9b,DELIVERYCONFIRMED,INVOICECLEARED,2010-09-21 20:51:36,C
SC1,47cc9d34-5ee7-4efe-8502-fb4be012550f,DELIVERYRELEASED,,2019-10-14 05:58:55,h
SC1,d3e9ef8b-907f-4545-be1b-7b77f8b70a7a,DELIVERYCONFIRMED,INVOICECLEARED,2018-03-13 06:02:04,C
SC1,bfb8bbdd-4852-40de-92d8-8b60fbf6f6b1,DELIVERYCONFIRMED,INVOICECLEARED,2012-08-26 06:52:11,C
SC1,902c5584-8437-4d5c-a5b1-63a2bac1ddaa,DELIVERYCONFIRMED,INVOICECLEARED,2011-02-17 00:29:18,C
SC1,c070ab78-e0db-4497-aeb7-54656115b896,DELIVERYCONFIRMED,INVOICECLEARED,2015-11-19 10:25:52,C
SC1,1c9ffe4c-c9eb-4667-aa05-62a1556b35b5,DELIVERYCONFIRMED,INVOICECLEARED,2017-12-01 22:07:11,C
SC1,047f6c63-a1a3-436e-8d74-3a3af66b2c74,DELIVERYCONFIRMED,,2013-09-21 21:03:32,C
SC1,2127e355-53df-4880-bd3b-5e4ae541cf85,DELIVERYCONFIRMED,INVOICECLEARED,2020-04-08 14:39:20,C
SC1,8555d5d1-435d-4fd4-b0fb-54903c311a6e,DELIVERYRELEASED,,2019-05-08 13:37:19,h
SC1,ddfe0183-f3ab-45d6-8291-c4b8d8031f64,DELIVERYCONFIRMED,INVOICECLEARED,2013-02-09 08:56:10,C
SC1,b3f2bc24-37f1-460e-9fc0-0b81cd1005ff,DELIVERYCONFIRMED,INVOICECLEARED,2018-05-14 04:27:12,C
SC1,ee106b8c-93d6-43fc-9b28-fbb08de1bf98,DELIVERYCONFIRMED,INVOICECLEARED,2010-02-08 01:51:48,C
SC1,2dbd9d10-382f-4bd5-84e9-9ee66fa819ad,DELIVERYCONFIRMED,INVOICECLEARED,2017-09-23 03:29:09,C
SC1,ec1ebd95-39a5-45d4-8498-70f344eb9b26,DELIVERYRELEASED,,2017-06-06 08:06:42,H
SC1,47f8eb2f-da1a-46f2-8a0e-50682a33dce0,DELIVERYCONFIRMED,INVOICECLEARED,2017-11-03 08:23:06,C
SC1,631dacdb-3aea-44c2-b2e2-363299c95abb,DELIVERYRELEASED,,2010-04-15 06:20:15,H
SC1,8e0b6775-34ec-4d8f-b651-15490ceddd3b,DELIVERYCONFIRMED,INVOICECLEARED,2015-07-22 23:29:16,C
SC1,a050b72c-fbf0-40dc-a826-8f4a00158bdf,DELIVERYCONFIRMED,INVOICECLEARED,2015-06-12 16:04:41,C
SC1,0d8bcd7a-7338-461b-86da-4ba46c3c881b,DELIVERYCONFIRMED,,2011-06-30 02:47:36,C
SC1,2278fd90-3150-4f6c-9e27-d93857415f71,DELIVERYCONFIRMED,INVOICECLEARED,2009-07-22 21:00:52,C
SC1,b5133550-a149-4ea5-a0f8-8f8906141787,DELIVERYCONFIRMED,INVOICECLEARED,2013-11-22 19:44:28,C
SC1,fa4addae-41a7-4a92-a7cb-345ff5145a3d,DELIVERYRELEASED,,2014-04-08 16:03:54,H
SC1,03dce3a6-8318-4867-ac0f-43bc361b61a1,DELIVERYCONFIRMED,INVOICECLEARED,2017-11-11 11:17:11,C
SC1,5597dec9-ddd0-43bd-a956-2b0c2e38043e,DELIVERYCONFIRMED,INVOICECLEARED,2009-10-21 05:01:45,C
SC1,3fccf73d-18a0-4bc2-8037-0df669676b28,DELIVERYCONFIRMED,INVOICECLEARED,2019-08-30 12:57:59,C
SC1,548e3cc2-40fa-4f13-957d-c49b0d299d7d,DELIVERYCONFIRMED,,2010-06-12 14:22:52,H
SC1,89fb208c-1e11-4886-96fe-5c658eff53b9,DELIVERYCONFIRMED,INVOICECLEARED,2011-01-14 20:42:53,C
SC1,3a3458dc-1016-40e9-a3fd-cb78a078dcc5,DELIVERYCONFIRMED,INVOICECLEARED,2019-02-20 23:35:22,C
SC1,11fff564-6a30-4518-bc05-dd4a76d93f36,DELIVERYCONFIRMED,,2011-10-26 19:22:55,C
SC1,415a60e4-21f5-440e-a311-cef241b2e4ea,DELIVERYRELEASED,,2011-12-12 18:46:55,h
SC1,266077d8-c3d5-4625-bcfa-72dec94eac5c,DELIVERYRELEASED,,2010-05-19 09:24:42,H
SC1,92e4230a-9dc0-44ae-8b73-e7f736cfc8dc,DELIVERYCONFIRMED,INVOICECLEARED,2014-09-12 15:19:17,C
SC1,43476164-f94e-47ea-959b-e1714e070a5e,DELIVERYCONFIRMED,INVOICECLEARED,2013-01-14 14:25:41,C
SC1,023bde97-fcf0-488e-baef-c2ebb9491f55,DELIVERYCONFIRMED,INVOICECLEARED,2017-06-13 12:41:36,C
SC1,8c7e367f-532e-4954-ba14-22ab485a3af6,DELIVERYRELEASED,,2016-01-27 13:30:20,H
SC1,0e728360-4561-4180-936a-da492d9b1619,DELIVERYCONFIRMED,INVOICECLEARED,2018-11-14 17:34:26,C
SC1,c18f45c7-fca7-4151-962d-4451de6dbe0c,DELIVERYCONFIRMED,INVOICECLEARED,2016-10-22 18:58:00,C
SC1,08689a01-5356-4d50-8e32-9d739b703244,DELIVERYCONFIRMED,INVOICECLEARED,2011-07-12 20:06:21,C
SC1,60368d6a-b425-4217-9d10-92189c6c8db6,DELIVERYCONFIRMED,INVOICECLEARED,2015-11-27 06:22:30,C
SC1,6359d2d2-fc93-4444-b0e4-a49114fbad91,DELIVERYCONFIRMED,INVOICECLEARED,2019-01-08 20:03:58,C
SC1,b2f1eb0c-f3c7-4d3e-a5c0-f633f1470cf6,DELIVERYRELEASED,,2010-11-26 21:20:57,h
SC1,fed7a22f-ba59-4e10-9f46-4995f2ca350b,DELIVERYCONFIRMED,INVOICECLEARED,2013-08-21 19:48:54,C
SC1,674c9fab-d14c-4f43-8766-23d9f7b8aac3,DELIVERYCONFIRMED,INVOICECLEARED,2019-10-29 12:54:09,C
SC1,603ee730-e5fa-47ae-acbd-acab382a87aa,DELIVERYCONFIRMED,INVOICECLEARED,2014-09-12 18:05:07,C
SC1,5a39064e-ca19-4dc8-8748-9278331d8fd5,DELIVERYCONFIRMED,INVOICECLEARED,2014-06-20 10:42:22,C
SC1,846d25fa-bd05-4e7d-8c41-63e22a36ffb6,DELIVERYCONFIRMED,INVOICECLEARED,2012-02-07 12:53:42,C
SC1,b84e53d5-6279-495c-9a18-377907c69081,DELIVERYRELEASED,,2012-01-26 08:05:34,h
SC1,58c895a4-182c-4f9f-a533-cbaf8b69cc2d,DELIVERYCONFIRMED,INVOICECLEARED,2010-11-19 03:39:29,C
SC1,11c07f18-f235-4f77-b00f-2a5db1916e8f,DELIVERYCONFIRMED,INVOICECLEARED,2015-02-23 10:42:54,C
SC1,e598de3e-5e89-4069-9ee6-ef491c06a400,DELIVERYCONFIRMED,INVOICECLEARED,2016-11-23 08:12:48,C
SC1,273d6393-dbfc-4785-9a4d-92998fbaf2f4,DELIVERYCONFIRMED,INVOICECLEARED,2013-10-17 16:39:22,C
SC1,98a65ce1-6dea-427e-a13c-04ab728e5915,DELIVERYCONFIRMED,INVOICECLEARED,2010-08-27 15:53:38,C
SC1,27211188-7199-43be-b26a-eb02d433700c,DELIVERYCONFIRMED,INVOICECLEARED,2020-09-01 04:34:48,C
SC1,7ae09d47-89c0-4b3f-93c3-db2439219ac9,DELIVERYCONFIRMED,INVOICECLEARED,2011-11-12 09:02:01,C
SC1,b47ed0da-2195-4d65-957c-4afcbbabe9e4,DELIVERYCONFIRMED,,2010-10-05 06:33:37,H
SC1,b35aabb2-c782-4f00-a142-73d109468720,DELIVERYCONFIRMED,INVOICECLEARED,2013-07-22 07:09:40,C
SC1,71d4279d-5781-4bf0-8f45-e6dc60d51c7e,DELIVERYCONFIRMED,INVOICECLEARED,2012-04-20 23:22:05,C
SC1,02b62fec-c916-44de-bd8a-50d762f85686,DELIVERYCONFIRMED,INVOICECLEARED,2012-12-19 08:05:05,C
SC1,35f05623-7a5a-4ecf-a4b2-c5058065ac67,DELIVERYCONFIRMED,INVOICECLEARED,2017-01-06 03:41:23,C
SC1,d85b7ed8-62ec-47bd-8757-e7c16c65568e,DELIVERYRELEASED,,2016-10-28 13:08:25,h
SC1,e684d38e-0625-40d0-af8c-726631223261,DELIVERYCONFIRMED,,2015-12-14 04:20:36,C
SC1,fc4620eb-a908-4529-a8c6-aaee3caf17ac,DELIVERYCONFIRMED,INVOICECLEARED,2018-12-01 07:49:37,C
SC1,3e585d56-5974-4a8e-bc2b-7f3d46d967bd,DELIVERYCONFIRMED,INVOICECLEARED,2010-05-18 01:59:16,C
SC1,6553bece-969b-4f07-8e72-b51de3c017be,SALESORDERCREATED,,2010-12-11 05:45:21,C
SC1,80770b04-dece-4f6e-9721-73f8a2d37d5f,DELIVERYRELEASED,,2012-12-24 18:22:31,H
SC1,17316aca-69f0-4b0b-9efe-6294b44e670e,SALESORDERCREATED,,2014-01-01 19:04:40,C
SC1,c5c1c7b7-bc4e-4159-9d2f-535d28084a63,DELIVERYRELEASED,,2013-05-11 08:39:32,H
SC1,c1a24fef-94f7-419e-9779-263b8d3d219f,DELIVERYCONFIRMED,INVOICECLEARED,2010-09-19 14:12:40,C
SC1,c7bd8642-251e-48a0-80c1-f2c309504e74,DELIVERYCONFIRMED,INVOICECLEARED,2019-05-23 03:07:15,C
SC1,dcade6ed-a207-4095-b317-c1d78219a099,DELIVERYCONFIRMED,INVOICECLEARED,2014-06-01 03:55:25,C
SC1,2c7daa40-b5d2-4ae7-a0f1-073fe9c8eb21,DELIVERYCONFIRMED,INVOICECLEARED,2015-01-02 03:03:39,C
SC1,b02c3d0b-c3cd-4004-8615-35746392dea1,DELIVERYCONFIRMED,INVOICECLEARED,2019-06-26 12:50:38,C
SC1,52718a1e-bf86-429b-b86b-369cf3da0eca,DELIVERYCONFIRMED,INVOICECLEARED,2015-11-02 18:30:11,C
SC1,40fa8ca2-72d4-4c59-8ad0-d1776814cd19,DELIVERYCONFIRMED,INVOICECLEARED,2014-09-12 15:23:40,C
SC1,5d6bd47c-b547-4134-a2ef-efe300bd3e6d,DELIVERYCONFIRMED,INVOICECLEARED,2015-11-09 16:08:25,C
SC1,a25c60a8-6658-4452-bfe8-5e4c0ff6d9a0,DELIVERYCONFIRMED,INVOICECLEARED,2020-02-22 20:06:43,C
SC1,1223279d-c51d-4f8e-8ed3-db5fc3bbcde1,DELIVERYRELEASED,,2018-10-27 16:08:06,h
SC1,30165bba-4d29-4d91-ac6d-b416190cf665,DELIVERYCONFIRMED,,2018-08-28 11:01:09,H
SC1,606692ed-2278-43b3-8f1b-b0d037097c22,DELIVERYRELEASED,,2012-04-29 13:12:18,H
SC1,bae29da1-8ed0-4d5f-8308-d3d179fb4165,DELIVERYCONFIRMED,,2016-09-13 16:44:34,H
SC1,4e8d6f81-ccb5-4aed-a8a9-df88028f5b4a,SALESORDERCREATED,,2011-05-21 13:30:00,C
SC1,8bc7c6ff-7767-4323-a8e7-c87cd391b921,DELIVERYCONFIRMED,INVOICECLEARED,2017-10-05 00:28:33,C
SC1,7f11be79-9a24-4a37-b163-e31a65be50b9,DELIVERYCONFIRMED,INVOICECLEARED,2012-09-08 18:11:20,C
SC1,13ba92ff-e0e9-4e3d-bfe1-b02b15a7ecc4,DELIVERYCONFIRMED,INVOICECLEARED,2012-07-25 16:37:08,C
SC1,3d1f3a1d-6b78-439a-b588-c8f2dbda6632,DELIVERYCONFIRMED,INVOICECLEARED,2016-04-25 03:06:40,C
SC1,24022935-0089-4e4b-97e2-3b61d05cfb7f,DELIVERYCONFIRMED,INVOICECLEARED,2016-07-27 15:10:12,C
SC1,0dbdc9e0-eae1-467a-b65c-dbd25015db31,DELIVERYCONFIRMED,,2012-03-03 07:50:58,H
SC1,3f15cd39-1c7a-4b1c-9a52-ba7355cd7044,DELIVERYCONFIRMED,INVOICECLEARED,2019-01-01 14:01:18,C
SC1,07b56df6-1dd4-403d-ac50-1ba5a42ad2f6,DELIVERYCONFIRMED,,2015-07-23 01:33:58,H
SC1,46786da6-1b0a-43d7-a4fa-5c8653029769,DELIVERYCONFIRMED,INVOICECLEARED,2017-10-30 05:28:13,C
SC1,b0106ab1-79fe-45a8-ad2d-9a558bba2cc1,DELIVERYCONFIRMED,INVOICECLEARED,2018-07-23 05:29:50,C
SC1,143916ed-cb1f-462f-9a0c-6ed7a2f66bb1,SALESORDERCREATED,,2010-05-17 21:38:46,C
SC1,c0418a9f-5527-46c5-bf3c-702f937c6960,DELIVERYCONFIRMED,,2011-01-19 04:27:42,H
SC1,d3518674-b4f1-4a96-a720-8fd6a444a991,DELIVERYCONFIRMED,INVOICECLEARED,2016-05-29 00:25:21,C
SC1,18dd9091-ffc9-4a6b-adb7-5a2f2f46a21b,DELIVERYCONFIRMED,INVOICECLEARED,2016-03-30 13:47:01,C
SC1,bac4b5f4-7062-4160-ae98-f3b1c2bdf69f,DELIVERYCONFIRMED,INVOICECLEARED,2019-07-01 10:16:20,C
SC1,d0bd13ff-8d6e-4426-82c8-ab4789c3d03d,DELIVERYCONFIRMED,,2010-03-28 10:52:14,H
SC1,dd884bcb-80f8-4d04-af0f-a0ac71990414,DELIVERYCONFIRMED,INVOICECLEARED,2017-07-23 08:02:52,C
SC1,31a6f63a-9305-4b68-8c46-fff60a472713,DELIVERYRELEASED,,2017-09-15 18:19:31,h
SC1,6a8bc9b4-0158-4fd9-9d83-0b6b571fa9cc,DELIVERYCONFIRMED,INVOICECLEARED,2018-12-09 16:08:21,C
SC1,381613c4-53af-49ff-97c6-e5c144962096,DELIVERYCONFIRMED,INVOICECLEARED,2015-12-03 23:29:40,C
SC1,5bbad58f-c255-4c5a-a6c1-b170ddd53acc,DELIVERYCONFIRMED,INVOICECLEARED,2013-08-13 13:31:12,C
SC1,71abefe8-5153-43c3-801a-a77c011784fb,DELIVERYCONFIRMED,INVOICECLEARED,2019-08-16 00:10:08,C
SC1,b2469c8f-c162-4b2f-94cb-946eaf7477a8,DELIVERYCONFIRMED,INVOICECLEARED,2018-04-16 14:22:46,C
SC1,e8ff3b20-bad4-4c1e-a131-cf39b0bd0496,DELIVERYCONFIRMED,INVOICECLEARED,2011-09-26 23:06:00,C
SC1,5ddba0bb-352f-4d9f-a8f0-f48315498a48,DELIVERYCONFIRMED,INVOICECLEARED,2017-05-07 06:05:03,C
SC1,21f0be67-2139-4a9f-9dd1-287302d2b575,DELIVERYCONFIRMED,INVOICECLEARED,2013-12-15 00:21:46,C
SC1,f457e745-c231-4396-a029-bcc3debba558,DELIVERYCONFIRMED,,2013-09-26 10:28:38,H
SC1,8973e269-5ef1-4f48-a89f-946ace5dd6b7,DELIVERYCONFIRMED,INVOICECLEARED,2019-08-08 12:17:34,C
SC1,04c3ecd7-f03e-48d2-a139-5c7e63356bf3,DELIVERYCONFIRMED,INVOICECLEARED,2019-07-10 21:31:43,C
SC1,5a9bf7e9-43b9-4482-a136-b5941062d68d,DELIVERYCONFIRMED,,2015-11-28 09:06:02,H
SC1,1d304e97-9dbf-4bf6-85fe-41dfd0d7a218,DELIVERYRELEASED,,2014-06-28 09:22:45,h
SC1,f31ee571-3330-45d5-a59e-fba5a4e502fd,DELIVERYCONFIRMED,INVOICECLEARED,2018-05-10 00:10:23,C
SC1,ae8b4c20-f149-4e94-a211-c3c9a3078dca,DELIVERYCONFIRMED,INVOICECLEARED,2018-06-26 06:00:47,C
SC1,4a5f51df-ca65-4d8d-9000-1075b5cfe587,DELIVERYCONFIRMED,INVOICECLEARED,2013-04-24 17:05:51,C
SC1,37cb0fb3-d0c3-4475-8914-9dc4df0200c4,DELIVERYRELEASED,,2010-02-21 02:33:04,H
SC1,5ec27a13-71f7-4cf4-b977-430895c36870,DELIVERYCONFIRMED,INVOICECLEARED,2014-07-02 18:11:32,C
SC1,2d20e3bf-1441-47d7-be23-ba5b5409a289,DELIVERYCONFIRMED,INVOICECLEARED,2011-10-09 10:56:36,C
SC1,35cf1fe3-beaf-4f4d-a18a-ec8fc1237fd0,DELIVERYRELEASED,,2009-07-20 04:04:57,h
SC1,22faaf5e-e9fe-46b1-9ebd-24c75cf03bcd,DELIVERYCONFIRMED,INVOICECLEARED,2018-11-06 20:18:18,C
SC1,d5f915a3-8ada-476f-a119-3e9782e61193,SALESORDERCREATED,,2011-01-05 15:32:02,C
SC1,e32bfab7-d563-40f4-996c-85b5a7f2b6d7,DELIVERYCONFIRMED,INVOICECLEARED,2010-04-24 22:33:49,C
SC1,c65e1f46-fa5d-4e4d-8e4b-0bee27a308c4,DELIVERYCONFIRMED,INVOICECLEARED,2013-06-18 21:36:28,C
SC1,131293d0-5954-40c6-b338-ea7f44795c97,DELIVERYCONFIRMED,,2010-08-21 16:41:49,C
SC1,6d1c34dc-b263-4688-8ce6-6003a3cc81fd,DELIVERYCONFIRMED,,2020-01-16 01:11:46,C
SC1,f7c04726-8880-44bb-a679-b21cfc69aff6,SALESORDERCREATED,,2016-07-10 09:24:54,C
SC1,16619247-3a88-47ac-b063-347b5d07da60,SALESORDERCREATED,,2016-11-07 12:28:00,C
SC1,4b78caa8-b418-4b68-8d0f-6c9065236040,DELIVERYCONFIRMED,INVOICECLEARED,2018-09-22 15:26:45,C
SC1,8f4e2985-db92-4f71-9b4a-6a978ef11de3,DELIVERYCONFIRMED,INVOICECLEARED,2011-08-25 03:52:50,C
SC1,d9252913-2d94-40e8-850c-3537684306dd,SALESORDERCREATED,,2014-12-28 18:30:40,C
SC1,707c13a3-41df-4d04-8cf9-a42cf2a77284,DELIVERYCONFIRMED,INVOICECLEARED,2012-01-30 09:24:29,C
SC1,051e04ee-e6d9-424e-a104-d480bcb8b694,DELIVERYCONFIRMED,,2014-04-18 07:50:52,C
SC1,50df9cf0-7b13-4f05-8741-18ff64be67a5,DELIVERYCONFIRMED,INVOICECLEARED,2010-11-07 23:50:11,C
SC1,367a0140-067f-487a-ba0f-b5a233741d63,DELIVERYCONFIRMED,INVOICECLEARED,2012-11-28 14:15:06,C
SC1,1de05097-b167-4014-b19d-60fa1e139920,DELIVERYCONFIRMED,INVOICECLEARED,2018-12-05 04:15:43,C
SC1,229f18b7-e5ae-4a3a-b02e-7de10837d706,DELIVERYCONFIRMED,INVOICECLEARED,2015-08-04 23:39:20,C
SC1,c496b67b-0ebd-4d12-926f-7400e1e57490,DELIVERYCONFIRMED,INVOICECLEARED,2012-06-01 10:59:13,C
SC1,81daa74a-33c1-4fca-a85c-d52d45af73e1,DELIVERYCONFIRMED,,2014-06-10 15:03:46,H
SC1,07fd014c-92c8-4302-aa76-0ad92834259f,DELIVERYCONFIRMED,INVOICECLEARED,2016-11-08 18:41:36,C
SC1,753712d7-744f-4a9b-871c-9e8b28fd7310,DELIVERYCONFIRMED,,2016-03-13 15:10:42,H
SC1,fa237e3f-5484-4508-b1d2-3e30e80c0dc9,DELIVERYCONFIRMED,INVOICECLEARED,2015-08-07 16:53:07,C
SC1,fbd6740f-3548-40c9-bac7-b3ab9ff8f41b,DELIVERYCONFIRMED,INVOICECLEARED,2020-02-27 15:55:11,C
SC1,d1368aac-4548-4e79-828a-a958c351218a,DELIVERYCONFIRMED,INVOICECLEARED,2017-03-04 05:21:57,C
SC1,b1f207e4-1d4c-4a65-a063-970b70105877,DELIVERYCONFIRMED,INVOICECLEARED,2019-03-30 12:31:38,C
SC1,6de908a3-55ae-43fc-9406-513badf36871,DELIVERYCONFIRMED,INVOICECLEARED,2018-07-16 21:23:28,C
SC1,4a033ca2-6029-40b7-a835-7b2e1fd2ff58,DELIVERYCONFIRMED,INVOICECLEARED,2015-04-25 09:29:13,C
SC1,f4b5d53c-9e71-4d05-8345-43e82e914230,DELIVERYCONFIRMED,INVOICECLEARED,2014-11-23 00:20:17,C
SC1,12fa827f-9f15-4c49-b492-4859391a5fce,DELIVERYCONFIRMED,INVOICECLEARED,2017-08-26 16:16:53,C
SC1,6b0bfbf9-9ebf-4f96-85cc-4fe1cbb31e9b,DELIVERYCONFIRMED,INVOICECLEARED,2013-03-13 10:58:15,C
SC1,02f75894-75f6-470c-a232-5676cefe49e3,DELIVERYCONFIRMED,INVOICECLEARED,2016-05-08 15:30:34,C
SC1,d26c3913-27e5-4233-ad39-add89c134ba9,DELIVERYCONFIRMED,INVOICECLEARED,2017-10-07 12:46:51,C
SC1,b23000ec-041b-4d04-8331-40ae72dd48e9,DELIVERYCONFIRMED,INVOICECLEARED,2014-10-22 00:35:19,C
SC1,9ca7efd6-a4df-4e56-a2f0-98fd4cd6abff,SALESORDERCREATED,,2016-06-18 03:36:12,h
SC1,3b52a5ec-1d57-4887-b934-2c98c8f68ec2,DELIVERYCONFIRMED,INVOICECLEARED,2019-12-24 01:38:09,C
SC1,80b866b0-3c2b-4ed0-a3f8-40ccda9fd467,DELIVERYCONFIRMED,INVOICECLEARED,2018-01-08 05:13:38,C
SC1,9db0f896-ff80-4807-bc6f-a3cb70cc92bb,SALESORDERCREATED,,2009-11-29 15:38:06,C
SC1,455a01b4-ff23-4063-b551-1bb8ad2e43ef,DELIVERYCONFIRMED,INVOICECLEARED,2020-05-26 21:01:16,C
SC1,09fc6836-0bf4-4070-83ec-dd0242ce344c,DELIVERYCONFIRMED,INVOICECLEARED,2010-03-19 21:55:05,C
SC1,9dd86413-76b2-4fbc-99d5-461860db67db,DELIVERYCONFIRMED,,2013-03-10 19:02:24,H
SC1,3ec4b49d-893b-41dd-aaab-ecd03206306a,DELIVERYCONFIRMED,INVOICECLEARED,2020-02-12 10:21:23,C
SC1,99e0d440-4255-4d6b-9e2e-7e8e150da1c0,SALESORDERCREATED,,2012-01-15 11:47:42,C
SC1,e3b1e565-6113-4b6f-b0f0-ec6c49fa919a,DELIVERYCONFIRMED,,2009-10-05 01:38:10,H
SC1,ff14297a-48d9-4199-9011-d4b9514ced85,DELIVERYCONFIRMED,INVOICECLEARED,2020-05-10 05:42:02,C
SC1,219a41f5-2c18-4dcc-9aef-24023c19b05e,DELIVERYCONFIRMED,INVOICECLEARED,2014-07-25 14:34:34,C
SC1,01fb529e-b78b-4a9a-a6db-73a1230b2efa,DELIVERYRELEASED,,2010-12-25 02:31:05,h
SC1,2f0c77c6-1780-4241-9747-bae17ff08fae,DELIVERYCONFIRMED,INVOICECLEARED,2013-03-02 18:59:12,C
SC1,c67a850d-3097-4ef3-bed8-112fa21c0089,DELIVERYCONFIRMED,INVOICECLEARED,2014-05-20 15:11:05,C
SC1,ba2432dd-3c89-439e-9928-f839f86df8d6,DELIVERYCONFIRMED,INVOICECLEARED,2016-06-06 20:06:03,C
SC1,10b544d6-bf54-48ab-bbc2-bd7f5fb814ce,DELIVERYCONFIRMED,INVOICECLEARED,2012-08-31 19:24:01,C
SC1,b4cbe374-ed86-4eea-ad46-f478588beded,DELIVERYCONFIRMED,,2011-03-15 16:54:36,H
SC1,bbfc9d3b-634f-409c-ba59-8cfee23c699f,DELIVERYCONFIRMED,INVOICECLEARED,2012-02-24 17:18:07,C
SC1,c4e5969c-7378-42fe-881b-730ca7ddaf14,DELIVERYRELEASED,,2012-01-17 09:21:00,H
SC1,8808d0e7-9396-47b9-999c-69e9bcff5bac,DELIVERYCONFIRMED,INVOICECLEARED,2018-03-07 04:14:33,C
SC1,328b8537-2f86-4ae7-af29-5da410d5b119,DELIVERYCONFIRMED,INVOICECLEARED,2013-03-25 22:06:12,C
SC1,b3983364-f2f4-45bb-8238-db4e347a6fbd,DELIVERYCONFIRMED,INVOICECLEARED,2016-10-03 02:39:59,C
SC1,44fc74fa-0197-4d27-93e7-3af20e22dc94,DELIVERYCONFIRMED,INVOICECLEARED,2013-04-05 21:11:38,C
SC1,f11bc854-af38-4780-bb11-b60deafe6221,DELIVERYCONFIRMED,INVOICECLEARED,2019-12-05 02:39:01,C
SC1,e91652ef-a0c3-4760-9ab0-59c936662b55,DELIVERYCONFIRMED,,2019-11-20 14:40:21,H
SC1,75f60c1d-6ed4-4e51-b69d-3cc8b1b21e51,DELIVERYCONFIRMED,,2010-04-11 22:46:57,C
SC1,028f34be-bf3c-4191-b180-a5e81af32c1d,DELIVERYCONFIRMED,INVOICECLEARED,2018-03-13 09:44:26,C
SC1,0ab53933-3150-4226-bb05-1643209b16aa,DELIVERYRELEASED,,2011-06-12 03:52:13,h
SC1,51cf91b0-75c9-4d33-872d-f2cb37b48d9a,DELIVERYCONFIRMED,INVOICECLEARED,2018-09-15 16:55:29,C
SC1,93e0a450-cf28-4831-b1cc-5cd57ca4cfcb,DELIVERYCONFIRMED,INVOICECLEARED,2014-09-04 11:01:01,C
SC1,a4f8d48e-cc34-43ac-924c-0c35d749546a,DELIVERYCONFIRMED,INVOICECLEARED,2017-09-01 19:04:13,C
SC1,0c995f0b-b79f-4409-9c3d-cf3e4da22632,DELIVERYCONFIRMED,INVOICECLEARED,2014-09-18 01:01:36,C
SC1,6e085408-7097-461a-a6a6-badce0deb0e1,DELIVERYCONFIRMED,INVOICECLEARED,2019-04-08 22:52:37,C
SC1,405578db-30c7-458d-a4a2-a2bd21477c77,DELIVERYRELEASED,,2015-06-20 17:01:39,H
SC1,99217bf5-4014-4f7a-8c69-4ce1feb75c03,SALESORDERCREATED,,2011-08-23 00:01:11,C
SC1,cc4c1240-ada3-4d84-91d8-8a5aa0f847e1,DELIVERYCONFIRMED,INVOICECLEARED,2013-10-26 08:05:39,C
SC1,480564d1-6ee6-4e3d-8003-bfcd00de90e7,DELIVERYCONFIRMED,INVOICECLEARED,2011-05-02 03:12:02,C
SC1,da9b52b7-b305-4eac-b9dd-da11118e38fc,DELIVERYCONFIRMED,INVOICECLEARED,2017-04-21 17:20:51,C
SC1,90c2252b-74e8-4de7-a2a0-9b82ceee1ab7,DELIVERYCONFIRMED,INVOICECLEARED,2018-03-07 19:57:29,C
SC1,7962dbdc-568c-4c6e-bb27-bbd6966b89a2,DELIVERYCONFIRMED,INVOICECLEARED,2012-01-11 23:16:20,C
SC1,2538db64-7e7d-4100-a638-04d08d5fc2b1,DELIVERYRELEASED,,2018-05-20 11:44:29,h
